0.0,-0.004333470437369306,0
0.0001011011011011011,-0.004308843173294174,0
0.0002022022022022022,-0.004284535951790211,0
0.0003033033033033033,-0.004260541055263042,0
0.0004044044044044044,-0.004236850991353725,0
0.0005055055055055056,-0.0042134584884698095,0
0.0006066066066066066,-0.004190356491376381,0
0.0007077077077077077,-0.0041675381568470025,0
0.0008088088088088088,-0.00414499684937349,0
0.00090990990990991,-0.004122726136934358,0
0.0010110110110110111,-0.00410071978682127,0
0.001112112112112112,-0.004078971761522855,0
0.0012132132132132132,-0.004057476214665475,0
0.0013143143143143144,-0.004036227487010423,0
0.0014154154154154153,-0.004015220102506869,0
0.0015165165165165165,-0.003994448764400161,0
0.0016176176176176177,-0.003973908351394962,0
0.0017187187187187188,-0.003953593913872606,0
0.00181981981981982,-0.003933500670162235,0
0.001920920920920921,-0.003913624002865107,0
0.0020220220220220223,-0.003893959455231779,0
0.002123123123123123,-0.003874502727591261,0
0.002224224224224224,-0.0038552496738322073,0
0.0023253253253253253,-0.0038361962979349567,0
0.0024264264264264265,-0.003817338750554613,0
0.0025275275275275276,-0.003798673325654092,0
0.002628628628628629,-0.003780196457187,0
0.00272972972972973,-0.003761904715829733,0
0.0028308308308308307,-0.0037437948057623257,0
0.002931931931931932,-0.003725863561497534,0
0.003033033033033033,-0.0037081079447576857,0
0.003134134134134134,-0.0036905250413988857,0
0.0032352352352352353,-0.0036731120583820285,0
0.0033363363363363365,-0.003655866320790096,0
0.0034374374374374376,-0.0036387852688914944,0
0.0035385385385385388,-0.003621866455248686,0
0.00363963963963964,-0.0036051075418717794,0
0.0037407407407407407,-0.0035885062974167496,0
0.003841841841841842,-0.003572060594427558,0
0.003942942942942943,-0.0035557684066219587,0
0.0040440440440440446,-0.003539627806220409,0
0.004145145145145145,-0.003523636961317676,0
0.004246246246246246,-0.003507794133296726,0
0.004347347347347348,-0.003492097674284401,0
0.004448448448448448,-0.003476546024648434,0
0.00454954954954955,-0.0034611377105354764,0
0.004650650650650651,-0.003445871341449589,0
0.004751751751751752,-0.0034307456078708108,0
0.004852852852852853,-0.003415759278913352,0
0.004953953953953954,-0.003400911200023057,0
0.005055055055055055,-0.0033862002907136886,0
0.005156156156156156,-0.003371625542341486,0
0.005257257257257258,-0.00335718601591786,0
0.005358358358358358,-0.0033428808399594734,0
0.00545945945945946,-0.00332870920837563,0
0.005560560560560561,-0.003314670378392322,0
0.005661661661661661,-0.0033007636685125565,0
0.005762762762762763,-0.003286988456512807,0
0.005863863863863864,-0.003273344177474817,0
0.005964964964964965,-0.0032598303218526487,0
0.006066066066066066,-0.003246446433574456,0
0.006167167167167168,-0.003233192108178603,0
0.006268268268268268,-0.0032200669909838307,0
0.00636936936936937,-0.003207070775292909,0
0.006470470470470471,-0.003194203200629574,0
0.006571571571571571,-0.003181464051008261,0
0.006672672672672673,-0.003168853153236317,0
0.006773773773773774,-0.003156370375248279,0
0.006874874874874875,-0.003144015624471831,0
0.006975975975975976,-0.0031317888462251728,0
0.0070770770770770776,-0.0031196900221452887,0
0.007178178178178178,-0.00310771916864688,0
0.00727927927927928,-0.0030958763354115354,0
0.007380380380380381,-0.0030841616039067815,0
0.007481481481481481,-0.003072575085934682,0
0.007582582582582583,-0.0030611169222096346,0
0.007683683683683684,-0.003049787280964983,0
0.007784784784784785,-0.0030385863565881416,0
0.007885885885885886,-0.0030275143682838446,0
0.007986986986986987,-0.003016571558765187,0
0.008088088088088089,-0.003005758192972176,0
0.00818918918918919,-0.0029950745568173764,0
0.00829029029029029,-0.0029845209559583165,0
0.008391391391391391,-0.002974097714596407,0
0.008492492492492492,-0.002963805174301962,0
0.008593593593593594,-0.0029536436928650203,0
0.008694694694694695,-0.0029436136431716647,0
0.008795795795795796,-0.0029337154121054556,0
0.008896896896896897,-0.002923949399473737,0
0.008997997997997997,-0.002914316016958469,0
0.0090990990990991,-0.0029048156870911898,0
0.0092002002002002,-0.002895448842251981,0
0.009301301301301301,-0.0028862159236919187,0
0.009402402402402402,-0.002877117380578847,0
0.009503503503503504,-0.0028681536690660886,0
0.009604604604604605,-0.0028593252513838797,0
0.009705705705705706,-0.0028506325949530825,0
0.009806806806806807,-0.0028420761715210394,0
0.009907907907907907,-0.002833656456319172,0
0.01000900900900901,-0.002825373927242034,0
0.01011011011011011,-0.002817229064047604,0
0.010211211211211211,-0.0028092223475784262,0
0.010312312312312312,-0.002801354259003402,0
0.010413413413413414,-0.002793625279079874,0
0.010514514514514515,-0.002786035887435794,0
0.010615615615615616,-0.0027785865618716243,0
0.010716716716716717,-0.002771277777681749,0
0.010817817817817817,-0.0027641100069951095,0
0.01091891891891892,-0.0027570837181347457,0
0.01102002002002002,-0.0027501993749960386,0
0.011121121121121121,-0.0027434574364433697,0
0.011222222222222222,-0.002736858355724874,0
0.011323323323323323,-0.002730402579905109,0
0.011424424424424425,-0.0027240905493153148,0
0.011525525525525526,-0.002717922697021021,0
0.011626626626626627,-0.002711899448306799,0
0.011727727727727727,-0.002706021220177765,0
0.01182882882882883,-0.0027002884208777818,0
0.01192992992992993,-0.002694701449423898,0
0.012031031031031031,-0.0026892606951569474,0
0.012132132132132132,-0.0026839665373079597,0
0.012233233233233233,-0.0026788193445801732,0
0.012334334334334335,-0.0026738194747464054,0
0.012435435435435436,-0.0026689672742615618,0
0.012536536536536537,-0.002664263077889968,0
0.012637637637637637,-0.0026597072083474277,0
0.01273873873873874,-0.0026552999759576106,0
0.01283983983983984,-0.002651041678322665,0
0.012940940940940941,-0.0026469326000077677,0
0.013042042042042042,-0.002642973012239389,0
0.013143143143143143,-0.0026391631726170603,0
0.013244244244244245,-0.0026355033248384088,0
0.013345345345345346,-0.0026319936984372455,0
0.013446446446446447,-0.0026286345085344796,0
0.013547547547547547,-0.0026254259556016566,0
0.01364864864864865,-0.002622368225236877,0
0.01374974974974975,-0.002619461487952917,0
0.013850850850850851,-0.002616705898977309,0
0.013951951951951952,-0.0026141015980642055,0
0.014053053053053053,-0.0026116487093177654,0
0.014154154154154155,-0.0026093473410269156,0
0.014255255255255256,-0.0026071975855112605,0
0.014356356356356357,-0.0026051995189779213,0
0.014457457457457457,-0.0026033532013891277,0
0.01455855855855856,-0.002601658676340363,0
0.01465965965965966,-0.0026001159709488353,0
0.014760760760760761,-0.002598725095752143,0
0.014861861861861862,-0.0025974860446168627,0
0.014962962962962963,-0.002596398794656951,0
0.015064064064064065,-0.0025954633061616985,0
0.015165165165165166,-0.0025946795225330966,0
0.015266266266266267,-0.002594047370232426,0
0.015367367367367367,-0.0025935667587358444,0
0.015468468468468468,-0.002593237580498867,0
0.01556956956956957,-0.00259305971092948,0
0.01567067067067067,-0.0025930330083697604,0
0.015771771771771772,-0.0025931573140858134,0
0.015872872872872874,-0.0025934324522658434,0
0.015973973973973973,-0.002593858230026203,0
0.016075075075075076,-0.002594434437425239,0
0.016176176176176178,-0.0025951608474847586,0
0.016277277277277277,-0.0025960372162189766,0
0.01637837837837838,-0.0025970632826707385,0
0.01647947947947948,-0.0025982387689549007,0
0.01658058058058058,-0.0025995633803086605,0
0.016681681681681684,-0.0026010368051487187,0
0.016782782782782783,-0.0026026587151350786,0
0.016883883883883885,-0.0026044287652413492,0
0.016984984984984984,-0.0026063465938313997,0
0.017086086086086087,-0.0026084118227421736,0
0.01718718718718719,-0.002610624057372576,0
0.017288288288288288,-0.002612982886778221,0
0.01738938938938939,-0.0026154878837719234,0
0.01749049049049049,-0.0026181386050297866,0
0.017591591591591592,-0.0026209345912027336,0
0.017692692692692694,-0.0026238753670333364,0
0.017793793793793793,-0.0026269604414778077,0
0.017894894894894896,-0.002630189307833022,0
0.017995995995995995,-0.0026335614438684,0
0.018097097097097097,-0.0026370763119625516,0
0.0181981981981982,-0.0026407333592445197,0
0.0182992992992993,-0.0026445320177395084,0
0.0184004004004004,-0.002648471704518933,0
0.018501501501501504,-0.0026525518218547053,0
0.018602602602602603,-0.0026567717573775804,0
0.018703703703703705,-0.002661130884239472,0
0.018804804804804804,-0.002665628561279584,0
0.018905905905905906,-0.0026702641331942502,0
0.01900700700700701,-0.002675036930710354,0
0.019108108108108108,-0.002679946270762199,0
0.01920920920920921,-0.0026849914566717285,0
0.01931031031031031,-0.002690171778331944,0
0.019411411411411412,-0.0026954865123934527,0
0.019512512512512514,-0.0027009349224539634,0
0.019613613613613613,-0.002706516259250692,0
0.019714714714714716,-0.0027122297608554906,0
0.019815815815815815,-0.002718074652872643,0
0.019916916916916917,-0.002724050148639189,0
0.02001801801801802,-0.0027301554494276754,0
0.02011911911911912,-0.002736389744651225,0
0.02022022022022022,-0.002742752212070828,0
0.02032132132132132,-0.0027492420180047243,0
0.020422422422422423,-0.0027558583175398155,0
0.020523523523523525,-0.0027626002547449565,0
0.020624624624624624,-0.002769466962886072,0
0.020725725725725726,-0.0027764575646429647,0
0.02082682682682683,-0.0027835711723277366,0
0.020927927927927928,-0.0027908068881047103,0
0.02102902902902903,-0.002798163804211786,0
0.02113013013013013,-0.0028056410031831016,0
0.021231231231231232,-0.0028132375580729287,0
0.021332332332332334,-0.002820952532680712,0
0.021433433433433433,-0.002828784981777149,0
0.021534534534534536,-0.0028367339513312374,0
0.021635635635635635,-0.0028447984787381914,0
0.021736736736736737,-0.002852977593048144,0
0.02183783783783784,-0.0028612703151955615,0
0.02193893893893894,-0.0028696756582292588,0
0.02204004004004004,-0.0028781926275429763,0
0.02214114114114114,-0.0028868202211063884,0
0.022242242242242243,-0.0028955574296965084,0
0.022343343343343345,-0.0029044032371293793,0
0.022444444444444444,-0.0029133566204919926,0
0.022545545545545546,-0.0029224165503743483,0
0.022646646646646645,-0.0029315819911015896,0
0.022747747747747748,-0.0029408519009661268,0
0.02284884884884885,-0.002950225232459699,0
0.02294994994994995,-0.0029597009325052722,0
0.023051051051051052,-0.0029692779426887337,0
0.023152152152152154,-0.002978955199490301,0
0.023253253253253253,-0.0029887316345155648,0
0.023354354354354356,-0.0029986061747261294,0
0.023455455455455455,-0.003008577742669755,0
0.023556556556556557,-0.003018645256709957,0
0.02365765765765766,-0.0030288076312549915,0
0.02375875875875876,-0.0030390637769861653,0
0.02385985985985986,-0.0030494126010854133,0
0.02396096096096096,-0.0030598530074620774,0
0.024062062062062062,-0.003070383896978833,0
0.024163163163163165,-0.0030810041676767068,0
0.024264264264264264,-0.0030917127149991197,0
0.024365365365365366,-0.0031025084320149172,0
0.024466466466466465,-0.003113390209640308,0
0.024567567567567568,-0.003124356936859686,0
0.02466866866866867,-0.0031354075009452573,0
0.02476976976976977,-0.00314654078767544,0
0.02487087087087087,-0.0031577556815519736,0
0.024971971971971974,-0.0031690510660157,0
0.025073073073073073,-0.0031804258236609595,0
0.025174174174174176,-0.0031918788364485545,0
0.025275275275275275,-0.003203408985917243,0
0.025376376376376377,-0.00321501515339371,0
0.02547747747747748,-0.0032266962202009706,0
0.02557857857857858,-0.003238451067865169,0
0.02567967967967968,-0.003250278578320727,0
0.02578078078078078,-0.0032621776341138007,0
0.025881881881881882,-0.003274147118604004,0
0.025982982982982985,-0.00328618591616436,0
0.026084084084084084,-0.00329829291237945,0
0.026185185185185186,-0.0033104669942417096,0
0.026286286286286285,-0.003322707050345838,0
0.026387387387387388,-0.0033350119710813023,0
0.02648848848848849,-0.0033473806488228683,0
0.02658958958958959,-0.0033598119781191645,0
0.02669069069069069,-0.003372304855879211,0
0.02679179179179179,-0.0033848581815569016,0
0.026892892892892893,-0.003397470857333405,0
0.026993993993993996,-0.0034101417882974466,0
0.027095095095095095,-0.0034228698826234537,0
0.027196196196196197,-0.0034356540517475245,0
0.0272972972972973,-0.003448493210541203,0
0.0273983983983984,-0.0034613862774830217,0
0.0274994994994995,-0.0034743321748278,0
0.0276006006006006,-0.0034873298287736608,0
0.027701701701701702,-0.003500378169626748,0
0.027802802802802805,-0.003513476131963621,0
0.027903903903903904,-0.0035266226547912994,0
0.028005005005005006,-0.00353981668170494,0
0.028106106106106105,-0.0035530571610431277,0
0.028207207207207208,-0.003566343046040749,0
0.02830830830830831,-0.003579673294979443,0
0.02840940940940941,-0.0035930468713356025,0
0.02851051051051051,-0.003606462743925905,0
0.02861161161161161,-0.003619919887050369,0
0.028712712712712713,-0.0036334172806329,0
0.028813813813813816,-0.003646953910359334,0
0.028914914914914915,-0.003660528767812941,0
0.029016016016016017,-0.0036741408506073894,0
0.02911711711711712,-0.003687789162517153,0
0.02921821821821822,-0.0037014727136053444,0
0.02931931931931932,-0.0037151905203489767,0
0.02942042042042042,-0.003728941605761615,0
0.029521521521521522,-0.0037427249995134423,0
0.029622622622622625,-0.003756539738048701,0
0.029723723723723724,-0.0037703848647005125,0
0.029824824824824826,-0.003784259429803074,0
0.029925925925925925,-0.0037981624908012034,0
0.030027027027027028,-0.0038120931123572527,0
0.03012812812812813,-0.0038260503664553584,0
0.03022922922922923,-0.003840033332503036,0
0.03033033033033033,-0.00385404109743012,0
0.03043143143143143,-0.003868072755785018,0
0.030532532532532533,-0.0038821274098283197,0
0.030633633633633636,-0.003896204169623701,0
0.030734734734734735,-0.003910302153126176,0
0.030835835835835837,-0.0039244204862676595,0
0.030936936936936936,-0.003938558303039841,0
0.03103803803803804,-0.003952714745574399,0
0.03113913913913914,-0.003966888964220508,0
0.03124024024024024,-0.003981080117619687,0
0.03134134134134134,-0.0039952873727779545,0
0.031442442442442445,-0.004009509905135307,0
0.031543543543543544,-0.0040237468986325286,0
0.03164464464464464,-0.004037997545775317,0
0.03174574574574575,-0.004052261047695752,0
0.03184684684684685,-0.004066536614211081,0
0.03194794794794795,-0.004080823463879861,0
0.03204904904904905,-0.004095120824055432,0
0.03215015015015015,-0.00410942793093674,0
0.03225125125125125,-0.00412374402961652,0
0.032352352352352357,-0.004138068374126841,0
0.032453453453453456,-0.004152400227482008,0
0.032554554554554554,-0.004166738861718854,0
0.032655655655655653,-0.004181083557934409,0
0.03275675675675676,-0.004195433606320963,0
0.03285785785785786,-0.004209788306198529,0
0.03295895895895896,-0.00422414696604472,0
0.03306006006006006,-0.004238508903522048,0
0.03316116116116116,-0.004252873445502648,0
0.03326226226226226,-0.004267239928090458,0
0.03336336336336337,-0.0042816076966408385,0
0.033464464464464466,-0.004295976105777668,0
0.033565565565565565,-0.004310344519407917,0
0.033666666666666664,-0.004324712310733702,0
0.03376776776776777,-0.0043390788622618675,0
0.03386886886886887,-0.0043534435658110545,0
0.03396996996996997,-0.004367805822516331,0
0.034071071071071074,-0.004382165042831354,0
0.03417217217217217,-0.0043965206465280925,0
0.03427327327327327,-0.004410872062694135,0
0.03437437437437438,-0.004425218729727589,0
0.03447547547547548,-0.004439560095329578,0
0.034576576576576576,-0.0044538956164943844,0
0.03467767767767768,-0.004468224759497217,0
0.03477877877877878,-0.004482546999879641,0
0.03487987987987988,-0.004496861822432704,0
0.03498098098098098,-0.0045111687211777255,0
0.035082082082082085,-0.0045254671993448315,0
0.035183183183183184,-0.004539756769349196,0
0.03528428428428428,-0.004554036952765059,0
0.03538538538538539,-0.004568307280297493,0
0.03548648648648649,-0.004582567291751974,0
0.03558758758758759,-0.004596816536001762,0
0.03568868868868869,-0.0046110545709531076,0
0.03578978978978979,-0.004625280963508316,0
0.03589089089089089,-0.004639495289526684,0
0.03599199199199199,-0.00465369713378333,0
0.036093093093093095,-0.0046678860899259395,0
0.036194194194194194,-0.0046820617604294516,0
0.03629529529529529,-0.004696223756548708,0
0.0363963963963964,-0.004710371698269081,0
0.0364974974974975,-0.004724505214255109,0
0.0365985985985986,-0.0047386239417971645,0
0.0366996996996997,-0.00475272752675617,0
0.0368008008008008,-0.004766815623506395,0
0.0369019019019019,-0.0047808878948763485,0
0.03700300300300301,-0.004794944012087806,0
0.037104104104104106,-0.004808983654692971,0
0.037205205205205205,-0.004823006510509823,0
0.037306306306306304,-0.004837012275555659,0
0.03740740740740741,-0.0048510006539788575,0
0.03750850850850851,-0.004864971357988895,0
0.03760960960960961,-0.004878924107784637,0
0.037710710710710714,-0.004892858631480933,0
0.03781181181181181,-0.004906774665033521,0
0.03791291291291291,-0.004920671952162319,0
0.03801401401401402,-0.0049345502442730595,0
0.03811511511511512,-0.004948409300377353,0
0.038216216216216216,-0.004962248887011182,0
0.038317317317317315,-0.004976068778151847,0
0.03841841841841842,-0.004989868755133405,0
0.03851951951951952,-0.0050036486065606275,0
0.03862062062062062,-0.005017408128221491,0
0.038721721721721725,-0.005031147122998248,0
0.038822822822822824,-0.005044865400777085,0
0.03892392392392392,-0.005058562778356422,0
0.03902502502502503,-0.005072239079353852,0
0.03912612612612613,-0.005085894134111766,0
0.03922722722722723,-0.0050995277796017004,0
0.03932832832832833,-0.005113139859327414,0
0.03942942942942943,-0.005126730223226731,0
0.03953053053053053,-0.005140298727572192,0
0.03963163163163163,-0.00515384523487053,0
0.039732732732732735,-0.005167369613760992,0
0.039833833833833834,-0.005180871738912557,0
0.03993493493493493,-0.005194351490920065,0
0.04003603603603604,-0.00520780875619929,0
0.04013713713713714,-0.005221243426880984,0
0.04023823823823824,-0.00523465540070393,0
0.04033933933933934,-0.005248044580907024,0
0.04044044044044044,-0.005261410876120418,0
0.04054154154154154,-0.005274754200255764,0
0.04064264264264264,-0.005288074472395572,0
0.040743743743743746,-0.005301371616681725,0
0.040844844844844845,-0.005314645562203176,0
0.040945945945945944,-0.0053278962428828635,0
0.04104704704704705,-0.0053411235973638595,0
0.04114814814814815,-0.005354327568894799,0
0.04124924924924925,-0.005367508105214619,0
0.041350350350350354,-0.005380665158436617,0
0.04145145145145145,-0.0053937986849318855,0
0.04155255255255255,-0.0054069086452121435,0
0.04165365365365366,-0.005419995003811984,0
0.04175475475475476,-0.005433057729170587,0
0.041855855855855856,-0.0054460967935129135,0
0.041956956956956955,-0.005459112172730426,0
0.04205805805805806,-0.005472103846261344,0
0.04215915915915916,-0.005485071796970485,0
0.04226026026026026,-0.005498016011028718,0
0.042361361361361365,-0.005510936477792058,0
0.042462462462462464,-0.00552383318968041,0
0.04256356356356356,-0.005536706142056047,0
0.04266466466466467,-0.005549555333101796,0
0.04276576576576577,-0.005562380763698989,0
0.042866866866866866,-0.005575182437305213,0
0.042967967967967965,-0.005587960359831879,0
0.04306906906906907,-0.005600714539521647,0
0.04317017017017017,-0.005613444986825722,0
0.04327127127127127,-0.00562615171428109,0
0.043372372372372375,-0.00563883473638767,0
0.043473473473473474,-0.005651494069485454,0
0.04357457457457457,-0.005664129731631658,0
0.04367567567567568,-0.0056767417424778924,0
0.04377677677677678,-0.005689330123147406,0
0.04387787787787788,-0.005701894896112426,0
0.04397897897897898,-0.005714436085071625,0
0.04408008008008008,-0.005726953714827724,0
0.04418118118118118,-0.0057394478111653085,0
0.04428228228228228,-0.005751918400728837,0
0.044383383383383386,-0.005764365510900904,0
0.044484484484484485,-0.005776789169680762,0
0.044585585585585584,-0.005789189405563172,0
0.04468668668668669,-0.005801566247417558,0
0.04478778778778779,-0.005813919724367539,0
0.04488888888888889,-0.005826249865670849,0
0.044989989989989994,-0.00583855670059967,0
0.04509109109109109,-0.005850840258321419,0
0.04519219219219219,-0.005863100567780013,0
0.04529329329329329,-0.005875337657577627,0
0.0453943943943944,-0.005887551555857009,0
0.045495495495495496,-0.005899742290184331,0
0.045596596596596595,-0.00591190988743265,0
0.0456976976976977,-0.005924054373665978,0
0.0457987987987988,-0.005936175774024004,0
0.0458998998998999,-0.005948274112607484,0
0.046001001001001005,-0.005960349412364339,0
0.046102102102102104,-0.00597240169497648,0
0.0462032032032032,-0.00598443098074739,0
0.04630430430430431,-0.0059964372884904905,0
0.04640540540540541,-0.006008420635418318,0
0.046506506506506506,-0.00602038103703254,0
0.046607607607607605,-0.006032318507014836,0
0.04670870870870871,-0.006044233057118669,0
0.04680980980980981,-0.006056124697061968,0
0.04691091091091091,-0.006067993434420769,0
0.047012012012012015,-0.0060798392745238135,0
0.047113113113113114,-0.006091662220348143,0
0.04721421421421421,-0.0061034622724157215,0
0.04731531531531532,-0.006115239428691097,0
0.04741641641641642,-0.006126993684480138,0
0.04751751751751752,-0.006138725032329867,0
0.04761861861861862,-0.006150433461929417,0
0.04771971971971972,-0.0061621189600121196,0
0.04782082082082082,-0.00617378151025879,0
0.04792192192192192,-0.00618542109320218,0
0.048023023023023026,-0.006197037686132665,0
0.048124124124124125,-0.006208631263005165,0
0.048225225225225224,-0.0062202017943473326,0
0.04832632632632633,-0.006231749247169038,0
0.04842742742742743,-0.006243273584873147,0
0.04852852852852853,-0.006254774767167655,0
0.048629629629629634,-0.006266252749979159,0
0.04873073073073073,-0.006277707485367717,0
0.04883183183183183,-0.006289138921443117,0
0.04893293293293293,-0.006300547002282547,0
0.04903403403403404,-0.00631193166784973,0
0.049135135135135136,-0.006323292853915514,0
0.049236236236236235,-0.006334630491979951,0
0.04933733733733734,-0.006345944509195885,0
0.04943843843843844,-0.00635723482829406,0
0.04953953953953954,-0.0063685013675097895,0
0.049640640640640644,-0.006379744040511182,0
0.04974174174174174,-0.006390962756328954,0
0.04984284284284284,-0.0064021574192878634,0
0.04994394394394395,-0.006413327928939749,0
0.05004504504504505,-0.006424474179998229,0
0.050146146146146146,-0.006435596062275063,0
0.050247247247247245,-0.006446693460618179,0
0.05034834834834835,-0.006457766254851426,0
0.05044944944944945,-0.006468814319716014,0
0.05055055055055055,-0.006479837524813715,0
0.050651651651651655,-0.006490835734551799,0
0.050752752752752754,-0.00650180880808974,0
0.05085385385385385,-0.006512756599287711,0
0.05095495495495496,-0.006523678956656882,0
0.05105605605605606,-0.006534575723311519,0
0.05115715715715716,-0.006545446736922934,0
0.051258258258258256,-0.006556291829675271,0
0.05135935935935936,-0.006567110828223154,0
0.05146046046046046,-0.006577903553651213,0
0.05156156156156156,-0.006588669821435504,0
0.051662662662662666,-0.006599409441406826,0
0.051763763763763765,-0.006610122217715957,0
0.051864864864864864,-0.00662080794880083,0
0.05196596596596597,-0.006631466427355643,0
0.05206706706706707,-0.006642097440301921,0
0.05216816816816817,-0.006652700768761565,0
0.052269269269269274,-0.00666327618803186,0
0.05237037037037037,-0.0066738234675624885,0
0.05247147147147147,-0.0066843423709345385,0
0.05257257257257257,-0.0066948326558415325,0
0.05267367367367368,-0.006705294074072475,0
0.052774774774774776,-0.006715726371496931,0
0.052875875875875875,-0.006726129288052156,0
0.05297697697697698,-0.0067365025577322745,0
0.05307807807807808,-0.006746845908579516,0
0.05317917917917918,-0.006757159062677529,0
0.053280280280280284,-0.006767441736146773,0
0.05338138138138138,-0.006777693639141983,0
0.05348248248248248,-0.006787914475851749,0
0.05358358358358358,-0.00679810394450018,0
0.05368468468468469,-0.00680826173735068,0
0.053785785785785786,-0.006818387540711841,0
0.053886886886886885,-0.00682848103494545,0
0.05398798798798799,-0.006838541894476629,0
0.05408908908908909,-0.006848569787806092,0
0.05419019019019019,-0.00685856437752455,0
0.054291291291291295,-0.006868525320329254,0
0.054392392392392394,-0.006878452267042668,0
0.05449349349349349,-0.006888344862633304,0
0.0545945945945946,-0.006898202746238704,0
0.0546956956956957,-0.006908025551190561,0
0.0547967967967968,-0.0069178129050420185,0
0.054897897897897896,-0.006927564429597103,0
0.054998998998999,-0.006937279740942332,0
0.0551001001001001,-0.006946958449480471,0
0.0552012012012012,-0.006956600159966457,0
0.055302302302302306,-0.00696620447154548,0
0.055403403403403405,-0.0069757709777932215,0
0.055504504504504504,-0.006985299266758262,0
0.05560560560560561,-0.006994788921006631,0
0.05570670670670671,-0.007004239517668535,0
0.05580780780780781,-0.007013650628487222,0
0.05590890890890891,-0.007023021819870008,0
0.05601001001001001,-0.0070323526529414565,0
0.05611111111111111,-0.007041642683598695,0
0.05621221221221221,-0.007050891462568888,0
0.056313313313313317,-0.0070600985354688384,0
0.056414414414414416,-0.007069263442866729,0
0.056515515515515514,-0.007078385720345995,0
0.05661661661661662,-0.0070874648985713214,0
0.05671771771771772,-0.0070965005033567525,0
0.05681881881881882,-0.007105492055735927,0
0.056919919919919924,-0.007114439072034406,0
0.05702102102102102,-0.007123341063944112,0
0.05712212212212212,-0.007132197538599847,0
0.05722322322322322,-0.007141007998657906,0
0.05732432432432433,-0.007149771942376758,0
0.057425425425425426,-0.007158488863699794,0
0.057526526526526525,-0.007167158252340134,0
0.05762762762762763,-0.00717577959386748,0
0.05772872872872873,-0.007184352369797,0
0.05782982982982983,-0.007192876057680251,0
0.057930930930930935,-0.007201350131198101,0
0.058032032032032034,-0.007209774060255659,0
0.05813313313313313,-0.007218147311079206,0
0.05823423423423424,-0.007226469346315086,0
0.05833533533533534,-0.007234739625130574,0
0.05843643643643644,-0.00724295760331669,0
0.058537537537537536,-0.007251122733392958,0
0.05863863863863864,-0.007259234464714071,0
0.05873973973973974,-0.007267292243578482,0
0.05884084084084084,-0.007275295513338876,0
0.058941941941941946,-0.007283243714514523,0
0.059043043043043045,-0.007291136284905481,0
0.059144144144144144,-0.007298972659708663,0
0.05924524524524525,-0.0073067522716357,0
0.05934634634634635,-0.007314474551032637,0
0.05944744744744745,-0.0073221389260014055,0
0.05954854854854855,-0.007329744822523067,0
0.05964964964964965,-0.007337291664582809,0
0.05975075075075075,-0.007344778874296671,0
0.05985185185185185,-0.007352205872039984,0
0.059952952952952956,-0.007359572076577492,0
0.060054054054054055,-0.007366876905195152,0
0.060155155155155154,-0.007374119773833574,0
0.06025625625625626,-0.007381300097223084,0
0.06035735735735736,-0.007388417289020395,0
0.06045845845845846,-0.007395470761946849,0
0.060559559559559564,-0.0074024599279282205,0
0.06066066066066066,-0.00740938419823604,0
0.06076176176176176,-0.007416242983630433,0
0.06086286286286286,-0.007423035694504433,0
0.06096396396396397,-0.007429761741029748,0
0.061065065065065066,-0.007436420533303959,0
0.061166166166166165,-0.007443011481499118,0
0.06126726726726727,-0.007449533996011713,0
0.06136836836836837,-0.0074559874876139855,0
0.06146946946946947,-0.007462371367606571,0
0.061570570570570575,-0.007468685047972408,0
0.061671671671671674,-0.007474927941531931,0
0.06177277277277277,-0.0074810994620994695,0
0.06187387387387387,-0.007487199024640865,0
0.06197497497497498,-0.0074932260454322434,0
0.06207607607607608,-0.00749917994221993,0
0.062177177177177176,-0.007505060134381462,0
0.06227827827827828,-0.007510866043087686,0
0.06237937937937938,-0.007516597091465879,0
0.06248048048048048,-0.007522252704763888,0
0.06258158158158159,-0.007527832310515233,0
0.06268268268268268,-0.007533335338705149,0
0.06278378378378378,-0.007538761221937534,0
0.06288488488488489,-0.00754410939560276,0
0.06298598598598598,-0.007549379298046308,0
0.06308708708708709,-0.007554570370738217,0
0.0631881881881882,-0.007559682058443263,0
0.06328928928928929,-0.007564713809391875,0
0.06339039039039039,-0.007569665075451736,0
0.0634914914914915,-0.007574535312299999,0
0.06359259259259259,-0.007579323979596139,0
0.0636936936936937,-0.007584030541155354,0
0.0637947947947948,-0.007588654465122477,0
0.0638958958958959,-0.007593195224146392,0
0.063996996996997,-0.007597652295554878,0
0.0640980980980981,-0.007602025161529852,0
0.0641991991991992,-0.007606313309282973,0
0.0643003003003003,-0.007610516231231562,0
0.06440140140140141,-0.007614633425174781,0
0.0645025025025025,-0.007618664394470049,0
0.06460360360360361,-0.007622608648209642,0
0.06470470470470471,-0.007626465701397415,0
0.0648058058058058,-0.007630235075125632,0
0.06490690690690691,-0.0076339162967518324,0
0.065008008008008,-0.007637508900075696,0
0.06510910910910911,-0.007641012425515865,0
0.06521021021021021,-0.007644426420286663,0
0.06531131131131131,-0.007647750438574677,0
0.06541241241241241,-0.007650984041715138,0
0.06551351351351352,-0.007654126798368068,0
0.06561461461461461,-0.007657178284694127,0
0.06571571571571572,-0.007660138084530128,0
0.06581681681681682,-0.007663005789564145,0
0.06591791791791791,-0.007665780999510185,0
0.06601901901901902,-0.007668463322282371,0
0.06612012012012013,-0.007671052374168555,0
0.06622122122122122,-0.007673547780003349,0
0.06632232232232232,-0.007675949173340494,0
0.06642342342342343,-0.007678256196624513,0
0.06652452452452452,-0.007680468501361612,0
0.06662562562562563,-0.007682585748289751,0
0.06672672672672673,-0.007684607607547848,0
0.06682782782782783,-0.007686533758844049,0
0.06692892892892893,-0.0076883638916230065,0
0.06703003003003004,-0.007690097705232123,0
0.06713113113113113,-0.007691734909086681,0
0.06723223223223224,-0.007693275222833824,0
0.06733333333333333,-0.007694718376515301,0
0.06743443443443443,-0.007696064110728953,0
0.06753553553553554,-0.00769731217678884,0
0.06763663663663663,-0.007698462336883984,0
0.06773773773773774,-0.007699514364235646,0
0.06783883883883884,-0.007700468043253078,0
0.06793993993993994,-0.007701323169687696,0
0.06804104104104104,-0.0077020795507856035,0
0.06814214214214215,-0.007702737005438413,0
0.06824324324324324,-0.0077032953643322785,0
0.06834434434434435,-0.0077037544700951106,0
0.06844544544544545,-0.0077041141774418734,0
0.06854654654654654,-0.007704374353317925,0
0.06864764764764765,-0.00770453487704032,0
0.06874874874874876,-0.007704595640437012,0
0.06884984984984985,-0.007704556547983899,0
0.06895095095095095,-0.007704417516939624,0
0.06905205205205206,-0.007704178477478081,0
0.06915315315315315,-0.007703839372818555,0
0.06925425425425426,-0.007703400159353413,0
0.06935535535535536,-0.007702860806773303,0
0.06945645645645646,-0.007702221298189759,0
0.06955755755755756,-0.007701481630255171,0
0.06965865865865865,-0.0077006418132800295,0
0.06975975975975976,-0.007699701871347382,0
0.06986086086086087,-0.007698661842424426,0
0.06996196196196196,-0.007697521778471168,0
0.07006306306306306,-0.007696281745546073,0
0.07016416416416417,-0.0076949418239086334,0
0.07026526526526526,-0.0076935021081187835,0
0.07036636636636637,-0.0076919627071330805,0
0.07046746746746747,-0.007690323744397582,0
0.07056856856856857,-0.007688585357937346,0
0.07066966966966967,-0.007686747700442462,0
0.07077077077077078,-0.00768481093935056,0
0.07087187187187187,-0.007682775256925708,0
0.07097297297297298,-0.007680640850333607,0
0.07107407407407408,-0.0076784079317130365,0
0.07117517517517517,-0.007676076728243439,0
0.07127627627627628,-0.007673647482208592,0
0.07137737737737739,-0.007671120451056263,0
0.07147847847847848,-0.007668495907453788,0
0.07157957957957958,-0.00766577413933948,0
0.07168068068068069,-0.007662955449969791,0
0.07178178178178178,-0.0076600401579621415,0
0.07188288288288289,-0.007657028597333346,0
0.07198398398398398,-0.007653921117533532,0
0.07208508508508508,-0.007650718083475495,0
0.07218618618618619,-0.007647419875559384,0
0.07228728728728728,-0.0076440268896926355,0
0.07238838838838839,-0.007640539537305093,0
0.0724894894894895,-0.007636958245359191,0
0.07259059059059059,-0.007633283456355153,0
0.07269169169169169,-0.0076295156283310885,0
0.0727927927927928,-0.007625655234857924,0
0.07289389389389389,-0.007621702765029071,0
0.072994994994995,-0.007617658723444729,0
0.0730960960960961,-0.007613523630190772,0
0.0731971971971972,-0.007609298020812092,0
0.0732982982982983,-0.007604982446280328,0
0.0733993993993994,-0.007600577472955892,0
0.0735005005005005,-0.007596083682544194,0
0.0736016016016016,-0.00759150167204598,0
0.07370270270270271,-0.007586832053701694,0
0.0738038038038038,-0.007582075454929766,0
0.07390490490490491,-0.007577232518258734,0
0.07400600600600601,-0.0075723039012531145,0
0.0741071071071071,-0.007567290276432927,0
0.07420820820820821,-0.007562192331186763,0
0.0743093093093093,-0.00755701076767833,0
0.07441041041041041,-0.007551746302746363,0
0.07451151151151152,-0.0075463996677978,0
0.07461261261261261,-0.007540971608694146,0
0.07471371371371371,-0.007535462885630903,0
0.07481481481481482,-0.007529874273010012,0
0.07491591591591591,-0.007524206559305152,0
0.07501701701701702,-0.007518460546919847,0
0.07511811811811812,-0.007512637052038265,0
0.07521921921921922,-0.007506736904468607,0
0.07532032032032032,-0.007500760947478985,0
0.07542142142142143,-0.0074947100376257115,0
0.07552252252252252,-0.007488585044573873,0
0.07562362362362363,-0.0074823868509101,0
0.07572472472472473,-0.007476116351947437,0
0.07582582582582582,-0.0074697744555222,0
0.07592692692692693,-0.007463362081782733,0
0.07602802802802804,-0.007456880162969947,0
0.07612912912912913,-0.0074503296431895575,0
0.07623023023023023,-0.0074437114781758865,0
0.07633133133133134,-0.007437026635047174,0
0.07643243243243243,-0.0074302760920522395,0
0.07653353353353354,-0.00742346083830843,0
0.07663463463463463,-0.007416581873530738,0
0.07673573573573574,-0.007409640207751972,0
0.07683683683683684,-0.007402636861033895,0
0.07693793793793793,-0.007395572863169208,0
0.07703903903903904,-0.0073884492533742765,0
0.07714014014014015,-0.007381267079972502,0
0.07724124124124124,-0.0073740274000682155,0
0.07734234234234234,-0.007366731279210996,0
0.07744344344344345,-0.0073593797910503096,0
0.07754454454454454,-0.0073519740169803414,0
0.07764564564564565,-0.007344515045774937,0
0.07774674674674675,-0.007337003973212518,0
0.07784784784784785,-0.007329441901690891,0
0.07794894894894895,-0.007321829939831798,0
0.07805005005005006,-0.007314169202075155,0
0.07815115115115115,-0.007306460808262807,0
0.07825225225225226,-0.007298705883211728,0
0.07835335335335336,-0.007290905556276543,0
0.07845445445445445,-0.007283060960901261,0
0.07855555555555556,-0.007275173234160088,0
0.07865665665665666,-0.007267243516287247,0
0.07875775775775776,-0.007259272950195644,0
0.07885885885885886,-0.007251262680984304,0
0.07895995995995995,-0.007243213855434444,0
0.07906106106106106,-0.007235127621494062,0
0.07916216216216217,-0.007227005127750957,0
0.07926326326326326,-0.007218847522894024,0
0.07936436436436436,-0.0072106559551627335,0
0.07946546546546547,-0.007202431571784687,0
0.07956656656656656,-0.007194175518401098,0
0.07966766766766767,-0.007185888938480111,0
0.07976876876876877,-0.00717757297271784,0
0.07986986986986987,-0.007169228758426992,0
0.07997097097097097,-0.0071608574289129525,0
0.08007207207207208,-0.007152460112837262,0
0.08017317317317317,-0.007144037933568299,0
0.08027427427427428,-0.007135592008519088,0
0.08037537537537538,-0.007127123448472123,0
0.08047647647647647,-0.007118633356891047,0
0.08057757757757758,-0.007110122829219105,0
0.08067867867867869,-0.0071015929521642245,0
0.08077977977977978,-0.007093044802970624,0
0.08088088088088088,-0.007084479448676799,0
0.08098198198198199,-0.007075897945359804,0
0.08108308308308308,-0.007067301337365665,0
0.08118418418418419,-0.007058690656525823,0
0.08128528528528528,-0.007050066921359501,0
0.08138638638638639,-0.007041431136261829,0
0.08148748748748749,-0.007032784290677647,0
0.08158858858858858,-0.0070241273582608305,0
0.08168968968968969,-0.007015461296019028,0
0.0817907907907908,-0.007006787043443695,0
0.08189189189189189,-0.006998105521625287,0
0.081992992992993,-0.0069894176323534625,0
0.0820940940940941,-0.006980724257202245,0
0.08219519519519519,-0.006972026256599929,0
0.0822962962962963,-0.006963324468883659,0
0.0823973973973974,-0.006954619709338551,0
0.0824984984984985,-0.006945912769221202,0
0.0825995995995996,-0.006937204414767488,0
0.08270070070070071,-0.00692849538618452,0
0.0828018018018018,-0.00691978639662661,0
0.0829029029029029,-0.006911078131155138,0
0.08300400400400401,-0.006902371245682194,0
0.0831051051051051,-0.006893666365897856,0
0.08320620620620621,-0.006884964086180964,0
0.08330730730730732,-0.006876264968493301,0
0.08340840840840841,-0.006867569541257014,0
0.08350950950950951,-0.006858878298215142,0
0.0836106106106106,-0.006850191697275176,0
0.08371171171171171,-0.006841510159335432,0
0.08381281281281282,-0.006832834067094201,0
0.08391391391391391,-0.006824163763841477,0
0.08401501501501502,-0.006815499552233151,0
0.08411611611611612,-0.006806841693047568,0
0.08421721721721721,-0.0067981904039242725,0
0.08431831831831832,-0.006789545858084826,0
0.08441941941941943,-0.006780908183035597,0
0.08452052052052052,-0.006772277459252327,0
0.08462162162162162,-0.006763653718846406,0
0.08472272272272273,-0.006755036944212676,0
0.08482382382382382,-0.006746427066658662,0
0.08492492492492493,-0.0067378239650150735,0
0.08502602602602603,-0.006729227464227461,0
0.08512712712712713,-0.006720637333928881,0
0.08522822822822823,-0.0067120532869934454,0
0.08532932932932934,-0.006703474978070615,0
0.08543043043043043,-0.006694902002100116,0
0.08553153153153153,-0.0066863338928072995,0
0.08563263263263264,-0.0066777701211789,0
0.08573373373373373,-0.006669210093918947,0
0.08583483483483484,-0.0066606531518847815,0
0.08593593593593593,-0.0066520985685030055,0
0.08603703703703704,-0.006643545548165225,0
0.08613813813813814,-0.006634993224603463,0
0.08623923923923923,-0.006626440659245115,0
0.08634034034034034,-0.006617886839547279,0
0.08644144144144145,-0.006609330677310359,0
0.08654254254254254,-0.006600771006970795,0
0.08664364364364364,-0.006592206583872748,0
0.08674474474474475,-0.0065836360825186815,0
0.08684584584584584,-0.006575058094798613,0
0.08694694694694695,-0.006566471128197969,0
0.08704804804804805,-0.00655787360398385,0
0.08714914914914915,-0.006549263855369634,0
0.08725025025025025,-0.006540640125657703,0
0.08735135135135136,-0.006532000566360222,0
0.08745245245245245,-0.0065233432352977995,0
0.08755355355355356,-0.006514666094675884,0
0.08765465465465466,-0.006505967009138796,0
0.08775575575575575,-0.006497243743801217,0
0.08785685685685686,-0.006488493962257008,0
0.08795795795795797,-0.006479715224565248,0
0.08805905905905906,-0.0064709049852133115,0
0.08816016016016016,-0.006462060591056861,0
0.08826126126126126,-0.0064531792792366476,0
0.08836236236236236,-0.006444258175071922,0
0.08846346346346347,-0.006435294289930362,0
0.08856456456456456,-0.006426284519074378,0
0.08866566566566567,-0.006417225639483606,0
0.08876676676676677,-0.006408114307653527,0
0.08886786786786786,-0.006398947057370003,0
0.08896896896896897,-0.006389720297459631,0
0.08907007007007008,-0.0063804303095157675,0
0.08917117117117117,-0.006371073245600073,0
0.08927227227227227,-0.006361645125919435,0
0.08937337337337338,-0.006352141836478174,0
0.08947447447447447,-0.006342559126705304,0
0.08957557557557558,-0.006332892607056814,0
0.08967667667667668,-0.006323137746592744,0
0.08977777777777778,-0.006313289870528954,0
0.08987887887887888,-0.0063033441577634575,0
0.08997997997997999,-0.006293295638377139,0
0.09008108108108108,-0.006283139191108768,0
0.09018218218218219,-0.006272869540804103,0
0.09028328328328329,-0.006262481255839031,0
0.09038438438438438,-0.0062519687455165,0
0.09048548548548549,-0.006241326257437211,0
0.09058658658658658,-0.006230547874843837,0
0.09068768768768769,-0.006219627513938692,0.0
0.0907887887887888,-0.006208558921174679,2.2219184899094545e-05
0.09088988988988989,-0.006197335670519381,4.443836979818909e-05
0.09099099099099099,-0.006185951160692163,6.665755469728364e-05
0.0910920920920921,-0.0061743986123741325,8.887673959637818e-05
0.09119319319319319,-0.00616267106539085,0.00011109592449547272
0.0912942942942943,-0.006150761375867563,0.00013331510939456728
0.0913953953953954,-0.00613866221335698,0.00015553429429366182
0.0914964964964965,-0.00612636605793926,0.00017775347919275636
0.0915975975975976,-0.006113865197294217,0.0001999726640918509
0.0916986986986987,-0.006101151723745535,0.00022219184899094544
0.0917997997997998,-0.00608821753127686,0.00024441103389004
0.0919009009009009,-0.006075054312519657,0.00026663021878913456
0.09200200200200201,-0.006061653555712645,0.0002888494036882291
0.0921031031031031,-0.006048006541632719,0.00031106858858732364
0.09220420420420421,-0.006034104340497184,0.0003332877734864182
0.09230530530530531,-0.006019937808837179,0.0003555069583855127
0.0924064064064064,-0.006005497586342147,0.00037772614328460726
0.09250750750750751,-0.005990774092675196,0.0003999453281837018
0.09260860860860862,-0.005975757524259249,0.00042216451308279635
0.09270970970970971,-0.005960437851033807,0.0004443836979818909
0.09281081081081081,-0.005944804813182191,0.00046660288288098543
0.09291191191191192,-0.005928847917829144,0.00048882206778008
0.09301301301301301,-0.005912556435708653,0.0005110412526791745
0.09311411411411412,-0.005895919397801792,0.0005332604375782691
0.09321521521521521,-0.005878925591944561,0.0005554796224773636
0.09331631631631632,-0.005861563559405444,0.0005776988073764582
0.09341741741741742,-0.005843821591432697,0.0005999179922755527
0.09351851851851851,-0.0058256877257710765,0.0006221371771746473
0.09361961961961962,-0.005807149743147989,0.0006443563620737418
0.09372072072072073,-0.0057881951637288615,0.0006665755469728364
0.09382182182182182,-0.0057688112435416,0.0006887947318719308
0.09392292292292292,-0.005748984970870024,0.0007110139167710254
0.09402402402402403,-0.00572870306261613,0.00073323310167012
0.09412512512512512,-0.0057079519606309985,0.0007554522865692145
0.09422622622622623,-0.0056867178280142865,0.0007776714714683091
0.09432732732732733,-0.005664986545382112,0.0007998906563674036
0.09442842842842843,-0.005642743707103217,0.0008221098412664982
0.09452952952952953,-0.005619974617503242,0.0008443290261655927
0.09463063063063064,-0.005596664287037026,0.0008665482110646873
0.09473173173173173,-0.005572797428428764,0.0008887673959637818
0.09483283283283284,-0.00554835845277983,0.0009109865808628764
0.09493393393393394,-0.005523331465644281,0.0009332057657619709
0.09503503503503503,-0.005497700263071748,0.0009554249506610655
0.09513613613613614,-0.005471448327617617,0.00097764413556016
0.09523723723723725,-0.0054445588243204794,0.0009998633204592545
0.09533833833833834,-0.0054170145966465294,0.001022082505358349
0.09543943943943944,-0.005388798162400907,0.0010443016902574435
0.09554054054054054,-0.005359891709605828,0.0010665208751565382
0.09564164164164164,-0.005330277092345334,0.0010887400600556327
0.09574274274274275,-0.005299935826576507,0.0011109592449547272
0.09584384384384384,-0.005268849085907124,0.001133178429853822
0.09594494494494495,-0.005236997697339488,0.0011553976147529164
0.09604604604604605,-0.005204362136980353,0.0011776167996520109
0.09614714714714714,-0.0051709225257168786,0.0011998359845511054
0.09624824824824825,-0.005136658624858307,0.0012220551694502
0.09634934934934936,-0.005101549831743446,0.0012442743543492946
0.09645045045045045,-0.005065575175313634,0.001266493539248389
0.09655155155155155,-0.005028713311651192,0.0012887127241474835
0.09665265265265266,-0.004990942519483123,0.0013109319090465782
0.09675375375375375,-0.00495224069565004,0.0013331510939456727
0.09685485485485486,-0.004912585350540037,0.0013553702788447672
0.09695595595595596,-0.0048719536034875595,0.0013775894637438617
0.09705705705705706,-0.004830322178137001,0.0013998086486429564
0.09715815815815816,-0.004787667397770903,0.0014220278335420509
0.09725925925925927,-0.0047439651806027335,0.0014442470184411454
0.09736036036036036,-0.004699191035034007,0.00146646620334024
0.09746146146146147,-0.004653320054875616,0.0014886853882393346
0.09756256256256257,-0.004606326914533389,0.001510904573138429
0.09766366366366366,-0.004558185864157515,0.0015331237580375235
0.09776476476476477,-0.0045088707247558715,0.0015553429429366182
0.09786586586586586,-0.004458354883271151,0.0015775621278357127
0.09796696696696697,-0.004406611287621467,0.0015997813127348072
0.09806806806806807,-0.0043536124417045425,0.0016220004976339017
0.09816916916916917,-0.004299330400365194,0.0016442196825329964
0.09827027027027027,-0.004243736764325974,0.001666438867432091
0.09837137137137138,-0.004186802675081097,0.0016886580523311854
0.09847247247247247,-0.0041284988097530844,0.0017108772372302799
0.09857357357357358,-0.004068795375912438,0.0017330964221293746
0.09867467467467468,-0.004007662106359941,0.001755315607028469
0.09877577577577577,-0.003945068253871572,0.0017775347919275636
0.09887687687687688,-0.0038809825859058393,0.0017997539768266583
0.09897797797797799,-0.0038153733792735166,0.0018219731617257528
0.09907907907907908,-0.0037482084147696017,0.0018441923466248472
0.09918018018018018,-0.0036794549717672166,0.0018664115315239417
0.09928128128128129,-0.0036090798227737036,0.0018886307164230364
0.09938238238238238,-0.003537049227948369,0.001910849901322131
0.09948348348348349,-0.0034633289295820492,0.0019330690862212254
0.09958458458458459,-0.0033878841465382692,0.00195528827112032
0.09968568568568568,-0.003310679568655833,0.0019775074560194144
0.09978678678678679,-0.003231679351112793,0.001999726640918509
0.0998878878878879,-0.0031508471087516752,0.002021945825817604
0.09998898898898899,-0.0030681459103658517,0.002044165010716698
0.1000900900900901,-0.0029835382729467277,0.0020663841956157928
0.10019119119119119,-0.002896986155892108,0.002088603380514887
0.10029229229229229,-0.0028084509551749934,0.0021108225654139817
0.1003933933933934,-0.0027178934974732994,0.0021330417503130764
0.10049449449449449,-0.0026252740342598982,0.0021552609352121707
0.1005955955955956,-0.002530552235853141,0.0021774801201112654
0.1006966966966967,-0.0024336871854276944,0.00219969930501036
0.1007977977977978,-0.0023346373729855466,0.0022219184899094544
0.1008988988988989,-0.0022333606892868865,0
