0.0,0.003958842257249494,0.0019144312320541863
0.0001011011011011011,0.003973926236916882,0.0019144312320541863
0.0002022022022022022,0.00398884435902081,0.0019144312320541863
0.0003033033033033033,0.004003600155725238,0.0019144312320541863
0.0004044044044044044,0.004018197099117767,0.0019144312320541863
0.0005055055055055056,0.004032638602133183,0.0019144312320541863
0.0006066066066066066,0.004046928019463385,0.0019144312320541863
0.0007077077077077077,0.004061068648453954,0.0019144312320541863
0.0008088088088088088,0.004075063729987385,0.0019144312320541863
0.00090990990990991,0.004088916449353316,0.0019144312320541863
0.0010110110110110111,0.004102629937105773,0.0019144312320541863
0.001112112112112112,0.0041162072699077075,0.0019144312320541863
0.0012132132132132132,0.004129651471362893,0.0019144312320541863
0.0013143143143143144,0.004142965512835422,0.0019144312320541863
0.0014154154154154153,0.00415615231425691,0.0019144312320541863
0.0015165165165165165,0.0041692147449215785,0.0019144312320541863
0.0016176176176176177,0.004182155624269376,0.0019144312320541863
0.0017187187187187188,0.0041949777226573046,0.0019144312320541863
0.00181981981981982,0.00420768376211906,0.0019144312320541863
0.001920920920920921,0.004220276417113186,0.0019144312320541863
0.0020220220220220223,0.004232758315259887,0.0019144312320541863
0.002123123123123123,0.004245132038066606,0.0019144312320541863
0.002224224224224224,0.004257400121642545,0.0019144312320541863
0.0023253253253253253,0.004269565057402303,0.0019144312320541863
0.0024264264264264265,0.0042816292927587134,0.0019144312320541863
0.0025275275275275276,0.004293595231805062,0.0019144312320541863
0.002628628628628629,0.00430546523598683,0.0019144312320541863
0.00272972972972973,0.004317241624763084,0.0019144312320541863
0.0028308308308308307,0.004328926676257658,0.0019144312320541863
0.002931931931931932,0.004340522627900274,0.0019144312320541863
0.003033033033033033,0.004352031677057727,0.0019144312320541863
0.003134134134134134,0.004363455981655271,0.0019144312320541863
0.0032352352352352353,0.0043747976607883465,0.0019144312320541863
0.0033363363363363365,0.00438605879532476,0.0019144312320541863
0.0034374374374374376,0.004397241428497489,0.0019144312320541863
0.0035385385385385388,0.004408347566488185,0.0019144312320541863
0.00363963963963964,0.004419379179001559,0.0019144312320541863
0.0037407407407407407,0.004430338199830731,0.0019144312320541863
0.003841841841841842,0.004441226527413697,0.0019144312320541863
0.003942942942942943,0.004452046025381032,0.0019144312320541863
0.0040440440440440446,0.0044627985230949315,0.0019144312320541863
0.004145145145145145,0.004473485816179762,0.0019144312320541863
0.004246246246246246,0.004484109667044174,0.0019144312320541863
0.004347347347347348,0.004494671805394958,0.0019144312320541863
0.004448448448448448,0.004505173928742729,0.0019144312320541863
0.00454954954954955,0.004515617702899551,0.0019144312320541863
0.004650650650650651,0.004526004762468648,0.0019144312320541863
0.004751751751751752,0.004536336711326294,0.0019144312320541863
0.004852852852852853,0.004546615123095978,0.0019144312320541863
0.004953953953953954,0.004556841541614998,0.0019144312320541863
0.005055055055055055,0.004567017481393574,0.0019144312320541863
0.005156156156156156,0.004577144428066567,0.0019144312320541863
0.005257257257257258,0.00458722383883795,0.0019144312320541863
0.005358358358358358,0.0045972571429181265,0.0019144312320541863
0.00545945945945946,0.00460724574195418,0.0019144312320541863
0.005560560560560561,0.004617191010453199,0.0019144312320541863
0.005661661661661661,0.004627094296198735,0.0019144312320541863
0.005762762762762763,0.004636956920660545,0.0019144312320541863
0.005863863863863864,0.004646780179397682,0.0019144312320541863
0.005964964964964965,0.004656565342455049,0.0019144312320541863
0.006066066066066066,0.004666313654753515,0.0019144312320541863
0.006167167167167168,0.004676026336473696,0.0019144312320541863
0.006268268268268268,0.00468570458343348,0.0019144312320541863
0.00636936936936937,0.004695349567459425,0.0019144312320541863
0.006470470470470471,0.0047049624367520755,0.0019144312320541863
0.006571571571571571,0.004714544316245352,0.0019144312320541863
0.006672672672672673,0.004724096307960045,0.0019144312320541863
0.006773773773773774,0.004733619491351559,0.0019144312320541863
0.006874874874874875,0.004743114923651955,0.0019144312320541863
0.006975975975975976,0.004752583640206405,0.0019144312320541863
0.0070770770770770776,0.004762026654804147,0.0019144312320541863
0.007178178178178178,0.004771444960004008,0.0019144312320541863
0.00727927927927928,0.004780839527454605,0.0019144312320541863
0.007380380380380381,0.004790211308209302,0.0019144312320541863
0.007481481481481481,0.004799561233035987,0.0019144312320541863
0.007582582582582583,0.004808890212721798,0.0019144312320541863
0.007683683683683684,0.0048181991383728275,0.0019144312320541863
0.007784784784784785,0.0048274888817089225,0.0019144312320541863
0.007885885885885886,0.00483676029535366,0.0019144312320541863
0.007986986986986987,0.0048460142131195386,0.0019144312320541863
0.008088088088088089,0.0048552514502885336,0.0019144312320541863
0.00818918918918919,0.0048644728038880185,0.0019144312320541863
0.00829029029029029,0.004873679052962176,0.0019144312320541863
0.008391391391391391,0.004882870958838976,0.0019144312320541863
0.008492492492492492,0.004892049265392757,0.0019144312320541863
0.008593593593593594,0.004901214699302527,0.0019144312320541863
0.008694694694694695,0.004910367970306036,0.0019144312320541863
0.008795795795795796,0.004919509771449688,0.0019144312320541863
0.008896896896896897,0.0049286407793343754,0.0019144312320541863
0.008997997997997997,0.004937761654357305,0.0019144312320541863
0.0090990990990991,0.004946873040949876,0.0019144312320541863
0.0092002002002002,0.004955975567811676,0.0019144312320541863
0.009301301301301301,0.004965069848140685,0.0019144312320541863
0.009402402402402402,0.004974156479859734,0.0019144312320541863
0.009503503503503504,0.004983236045839275,0.0019144312320541863
0.009604604604604605,0.004992309114116558,0.0019144312320541863
0.009705705705705706,0.005001376238111251,0.0019144312320541863
0.009806806806806807,0.005010437956837583,0.0019144312320541863
0.009907907907907907,0.005019494795113062,0.0019144312320541863
0.01000900900900901,0.005028547263763833,0.0019144312320541863
0.01011011011011011,0.00503759585982674,0.0019144312320541863
0.010211211211211211,0.005046641066748149,0.0019144312320541863
0.010312312312312312,0.00505568335457958,0.0019144312320541863
0.010413413413413414,0.005064723180170241,0.0019144312320541863
0.010514514514514515,0.005073760987356467,0.0019144312320541863
0.010615615615615616,0.005082797207148174,0.0019144312320541863
0.010716716716716717,0.005091832257912349,0.0019144312320541863
0.010817817817817817,0.005100866545553648,0.0019144312320541863
0.01091891891891892,0.005109900463692146,0.0019144312320541863
0.01102002002002002,0.005118934393838297,0.0019144312320541863
0.011121121121121121,0.005127968705565169,0.0019144312320541863
0.011222222222222222,0.005137003756677968,0.0019144312320541863
0.011323323323323323,0.005146039893380953,0.0019144312320541863
0.011424424424424425,0.005155077450441763,0.0019144312320541863
0.011525525525525526,0.005164116751353188,0.0019144312320541863
0.011626626626626627,0.005173158108492485,0.0019144312320541863
0.011727727727727727,0.0051822018232782355,0.0019144312320541863
0.01182882882882883,0.005191248186324825,0.0019144312320541863
0.01192992992992993,0.005200297477594569,0.0019144312320541863
0.012031031031031031,0.005209349966547554,0.0019144312320541863
0.012132132132132132,0.005218405912289224,0.0019144312320541863
0.012233233233233233,0.005227465563715745,0.0019144312320541863
0.012334334334334335,0.00523652915965723,0.0019144312320541863
0.012435435435435436,0.005245596929018836,0.0019144312320541863
0.012536536536536537,0.005254669090919769,0.0019144312320541863
0.012637637637637637,0.005263745854830279,0.0019144312320541863
0.01273873873873874,0.005272827420706639,0.0019144312320541863
0.01283983983983984,0.005281913979124191,0.0019144312320541863
0.012940940940940941,0.005291005711408451,0.0019144312320541863
0.013042042042042042,0.005300102789764379,0.0019144312320541863
0.013143143143143143,0.005309205377403777,0.0019144312320541863
0.013244244244244245,0.005318313628670903,0.0019144312320541863
0.013345345345345346,0.005327427689166338,0.0019144312320541863
0.013446446446446447,0.005336547695869109,0.0019144312320541863
0.013547547547547547,0.005345673777257138,0.0019144312320541863
0.01364864864864865,0.005354806053426036,0.0019144312320541863
0.01374974974974975,0.0053639446362062785,0.0019144312320541863
0.013850850850850851,0.0053730896292788,0.0019144312320541863
0.013951951951951952,0.005382241128289045,0.0019144312320541863
0.014053053053053053,0.005391399220959495,0.0019144312320541863
0.014154154154154155,0.005400563987200721,0.0019144312320541863
0.014255255255255256,0.005409735499220974,0.0019144312320541863
0.014356356356356357,0.005418913821634374,0.0019144312320541863
0.014457457457457457,0.005428099011567688,0.0019144312320541863
0.01455855855855856,0.005437291118765772,0.0019144312320541863
0.01465965965965966,0.0054464901856956655,0.0019144312320541863
0.014760760760760761,0.0054556962476494004,0.0019144312320541863
0.014861861861861862,0.005464909332845532,0.0019144312320541863
0.014962962962962963,0.00547412946252943,0.0019144312320541863
0.015064064064064065,0.005483356651072351,0.0019144312320541863
0.015165165165165166,0.00549259090606933,0.0019144312320541863
0.015266266266266267,0.0055018322284359,0.0019144312320541863
0.015367367367367367,0.005511080612503688,0.0019144312320541863
0.015468468468468468,0.005520336046114893,0.0019144312320541863
0.01556956956956957,0.005529598510715675,0.0019144312320541863
0.01567067067067067,0.005538867981448499,0.0019144312320541863
0.015771771771771772,0.005548144427243425,0.0019144312320541863
0.015872872872872874,0.005557427810908397,0.0019144312320541863
0.015973973973973973,0.005566718089218534,0.0019144312320541863
0.016075075075075076,0.005576015213004456,0.0019144312320541863
0.016176176176176178,0.005585319127239672,0.0019144312320541863
0.016277277277277277,0.005594629771127027,0.0019144312320541863
0.01637837837837838,0.0056039470781842635,0.0019144312320541863
0.01647947947947948,0.005613270976328693,0.0019144312320541863
0.01658058058058058,0.005622601387961002,0.0019144312320541863
0.016681681681681684,0.005631938230048224,0.0019144312320541863
0.016782782782782783,0.005641281414205879,0.0019144312320541863
0.016883883883883885,0.005650630846779325,0.0019144312320541863
0.016984984984984984,0.0056599864289243,0.0019144312320541863
0.017086086086086087,0.00566934805668672,0.0019144312320541863
0.01718718718718719,0.0056787156210817095,0.0019144312320541863
0.017288288288288288,0.005688089008171913,0.0019144312320541863
0.01738938938938939,0.00569746809914508,0.0019144312320541863
0.01749049049049049,0.005706852770390955,0.0019144312320541863
0.017591591591591592,0.005716242893577483,0.0019144312320541863
0.017692692692692694,0.005725638335726343,0.0019144312320541863
0.017793793793793793,0.005735038959287845,0.0019144312320541863
0.017894894894894896,0.0057444446222151575,0.0019144312320541863
0.017995995995995995,0.005753855178037948,0.0019144312320541863
0.018097097097097097,0.005763270475935381,0.0019144312320541863
0.0181981981981982,0.005772690360808545,0.0019144312320541863
0.0182992992992993,0.005782114673352275,0.0019144312320541863
0.0184004004004004,0.005791543250126428,0.0019144312320541863
0.018501501501501504,0.005800975923626581,0.0019144312320541863
0.018602602602602603,0.0058104125223541895,0.0019144312320541863
0.018703703703703705,0.005819852870886223,0.0019144312320541863
0.018804804804804804,0.005829296789944264,0.0019144312320541863
0.018905905905905906,0.0058387440964631,0.0019144312320541863
0.01900700700700701,0.005848194603658828,0.0019144312320541863
0.019108108108108108,0.005857648121096446,0.0019144312320541863
0.01920920920920921,0.0058671044547569905,0.0019144312320541863
0.01931031031031031,0.005876563407104183,0.0019144312320541863
0.019411411411411412,0.005886024777150634,0.0019144312320541863
0.019512512512512514,0.0058954883605235806,0.0019144312320541863
0.019613613613613613,0.005904953949530193,0.0019144312320541863
0.019714714714714716,0.005914421333222449,0.0019144312320541863
0.019815815815815815,0.00592389029746157,0.0019144312320541863
0.019916916916916917,0.005933360624982056,0.0019144312320541863
0.02001801801801802,0.005942832095455299,0.0020675057631004594
0.02011911911911912,0.005952304485552803,0.0020675057631004594
0.02022022022022022,0.005961777569009005,0.0020675057631004594
0.02032132132132132,0.005971251116683707,0.0020675057631004594
0.020422422422422423,0.0059807248966241315,0.0020675057631004594
0.020523523523523525,0.005990198674126596,0.0020675057631004594
0.020624624624624624,0.00599967221179782,0.0020675057631004594
0.020725725725725726,0.006009145269615876,0.0020675057631004594
0.02082682682682683,0.006018617604990771,0.0020675057631004594
0.020927927927927928,0.006028088972824683,0.0020675057631004594
0.02102902902902903,0.006037559125571848,0.0020675057631004594
0.02113013013013013,0.006047027813298107,0.0020675057631004594
0.021231231231231232,0.006056494783740108,0.0020675057631004594
0.021332332332332334,0.006065959782364184,0.0020675057631004594
0.021433433433433433,0.006075422552424889,0.0020675057631004594
0.021534534534534536,0.006084882835023224,0.0020675057631004594
0.021635635635635635,0.00609434036916452,0.0020675057631004594
0.021736736736736737,0.006103794891816024,0.0020675057631004594
0.02183783783783784,0.006113246137964152,0.0020675057631004594
0.02193893893893894,0.006122693840671438,0.0020675057631004594
0.02204004004004004,0.0061321377311331715,0.0020675057631004594
0.02214114114114114,0.006141577538733723,0.0020675057631004594
0.022242242242242243,0.006151012991102574,0.0020675057631004594
0.022343343343343345,0.0061604438141700316,0.0020675057631004594
0.022444444444444444,0.0061698697322226485,0.0020675057631004594
0.022545545545545546,0.00617929046795835,0.0020675057631004594
0.022646646646646645,0.006188705742541245,0.0020675057631004594
0.022747747747747748,0.006198115275656164,0.0020675057631004594
0.02284884884884885,0.006207518785562881,0.0020675057631004594
0.02294994994994995,0.006216915989150052,0.0020675057631004594
0.023051051051051052,0.006226306601988861,0.0020675057631004594
0.023152152152152154,0.006235690338386366,0.0020675057631004594
0.023253253253253253,0.0062450669114385605,0.0020675057631004594
0.023354354354354356,0.006254436033083141,0.0020675057631004594
0.023455455455455455,0.006263797414151976,0.0020675057631004594
0.023556556556556557,0.006273150764423297,0.0020675057631004594
0.02365765765765766,0.006282495792673586,0.0020675057631004594
0.02375875875875876,0.006291832206729176,0.0020675057631004594
0.02385985985985986,0.006301159713517562,0.0020675057631004594
0.02396096096096096,0.006310478019118409,0.0020675057631004594
0.024062062062062062,0.006319786828814283,0.0020675057631004594
0.024163163163163165,0.006329085847141074,0.0020675057631004594
0.024264264264264264,0.006338374777938128,0.0020675057631004594
0.024365365365365366,0.006347653324398085,0.0020675057631004594
0.024466466466466465,0.006356921189116415,0.0020675057631004594
0.024567567567567568,0.006366178074140666,0.0020675057631004594
0.02466866866866867,0.006375423681019397,0.0020675057631004594
0.02476976976976977,0.006384657710850819,0.0020675057631004594
0.02487087087087087,0.006393879864331136,0.0020675057631004594
0.024971971971971974,0.006403089841802566,0.0020675057631004594
0.025073073073073073,0.006412287343301076,0.0020675057631004594
0.025174174174174176,0.00642147206860379,0.0020675057631004594
0.025275275275275275,0.006430643717276101,0.0020675057631004594
0.025376376376376377,0.006439801988718457,0.0020675057631004594
0.02547747747747748,0.006448946582212839,0.0020675057631004594
0.02557857857857858,0.006458077196968925,0.0020675057631004594
0.02567967967967968,0.00646719353216993,0.0020675057631004594
0.02578078078078078,0.006476295287018116,0.0020675057631004594
0.025881881881881882,0.006485382160779996,0.0020675057631004594
0.025982982982982985,0.0064944538528311935,0.0020675057631004594
0.026084084084084084,0.006503510062700982,0.0020675057631004594
0.026185185185185186,0.0065125504901164845,0.0020675057631004594
0.026286286286286285,0.006521574835046542,0.0020675057631004594
0.026387387387387388,0.006530582797745247,0.0020675057631004594
0.02648848848848849,0.0065395740787951235,0.0020675057631004594
0.02658958958958959,0.006548548379149976,0.0020675057631004594
0.02669069069069069,0.0065575054001773825,0.0020675057631004594
0.02679179179179179,0.006566444843700837,0.0020675057631004594
0.026892892892892893,0.006575366412041546,0.0020675057631004594
0.026993993993993996,0.006584269808059857,0.0020675057631004594
0.027095095095095095,0.006593154735196333,0.0020675057631004594
0.027196196196196197,0.0066020208975124655,0.0020675057631004594
0.0272972972972973,0.006610867999731012,0.0020675057631004594
0.0273983983983984,0.006619695747275971,0.0020675057631004594
0.0274994994994995,0.006628503846312185,0.0020675057631004594
0.0276006006006006,0.00663729200378455,0.0020675057631004594
0.027701701701701702,0.006646059927456872,0.0020675057631004594
0.027802802802802805,0.006654807325950308,0.0020675057631004594
0.027903903903903904,0.006663533908781444,0.0020675057631004594
0.028005005005005006,0.006672239386399973,0.0020675057631004594
0.028106106106106105,0.006680923470225971,0.0020675057631004594
0.028207207207207208,0.006689585872686789,0.0020675057631004594
0.02830830830830831,0.006698226307253528,0.0020675057631004594
0.02840940940940941,0.0067068444884771225,0.0020675057631004594
0.02851051051051051,0.006715440132024004,0.0020675057631004594
0.02861161161161161,0.0067240129547113565,0.0020675057631004594
0.028712712712712713,0.006732562674541956,0.0020675057631004594
0.028813813813813816,0.00674108901073859,0.0020675057631004594
0.028914914914914915,0.006749591683778048,0.0020675057631004594
0.029016016016016017,0.006758070415424694,0.0020675057631004594
0.02911711711711712,0.006766524928763601,0.0020675057631004594
0.02921821821821822,0.006774954948233255,0.0020675057631004594
0.02931931931931932,0.006783360199657815,0.0020675057631004594
0.02942042042042042,0.006791740410278944,0.0020675057631004594
0.029521521521521522,0.006800095308787177,0.0020675057631004594
0.029622622622622625,0.0068084246253528585,0.0020675057631004594
0.029723723723723724,0.006816728091656613,0.0020675057631004594
0.029824824824824826,0.0068250054409193725,0.0020675057631004594
0.029925925925925925,0.0068332564079319315,0.0020675057631004594
0.030027027027027028,0.006841480729084051,0.0020675057631004594
0.03012812812812813,0.006849678142393092,0.0020675057631004594
0.03022922922922923,0.006857848387532173,0.0020675057631004594
0.03033033033033033,0.006865991205857872,0.0020675057631004594
0.03043143143143143,0.0068741063404374305,0.0020675057631004594
0.030532532532532533,0.0068821935360754965,0.0020675057631004594
0.030633633633633636,0.006890252539340374,0.0020675057631004594
0.030734734734734735,0.006898283098589787,0.0020675057631004594
0.030835835835835837,0.0069062849639961645,0.0020675057631004594
0.030936936936936936,0.00691425788757142,0.0020675057631004594
0.03103803803803804,0.006922201623191241,0.0020675057631004594
0.03113913913913914,0.006930115926618886,0.0020675057631004594
0.03124024024024024,0.006938000555528471,0.0020675057631004594
0.03134134134134134,0.006945855269527754,0.0020675057631004594
0.031442442442442445,0.00695367983018042,0.0020675057631004594
0.031543543543543544,0.00696147400102784,0.0020675057631004594
0.03164464464464464,0.006969237547610335,0.0020675057631004594
0.03174574574574575,0.0069769702374879155,0.0020675057631004594
0.03184684684684685,0.006984671840260498,0.0020675057631004594
0.03194794794794795,0.00699234212758761,0.0020675057631004594
0.03204904904904905,0.006999980873207567,0.0020675057631004594
0.03215015015015015,0.007007587852956123,0.0020675057631004594
0.03225125125125125,0.007015162844784597,0.0020675057631004594
0.032352352352352357,0.007022705628777459,0.0020675057631004594
0.032453453453453456,0.007030215987169395,0.0020675057631004594
0.032554554554554554,0.007037693704361832,0.0020675057631004594
0.032655655655655653,0.0070451385669389206,0.0020675057631004594
0.03275675675675676,0.0070525503636829825,0.0020675057631004594
0.03285785785785786,0.007059928885589421,0.0020675057631004594
0.03295895895895896,0.007067273925881078,0.0020675057631004594
0.03306006006006006,0.0070745852800220554,0.0020675057631004594
0.03316116116116116,0.007081862745730983,0.0020675057631004594
0.03326226226226226,0.007089106122993738,0.0020675057631004594
0.03336336336336337,0.007096315214075622,0.0020675057631004594
0.033464464464464466,0.007103489823532975,0.0020675057631004594
0.033565565565565565,0.00711062975822424,0.0020675057631004594
0.033666666666666664,0.0071177348273204774,0.0020675057631004594
0.03376776776776777,0.007124804842315321,0.0020675057631004594
0.03386886886886887,0.00713183961703437,0.0020675057631004594
0.03396996996996997,0.007138838967644032,0.0020675057631004594
0.034071071071071074,0.007145802712659805,0.0020675057631004594
0.03417217217217217,0.007152730672953991,0.0020675057631004594
0.03427327327327327,0.007159622671762858,0.0020675057631004594
0.03437437437437438,0.00716647853469324,0.0020675057631004594
0.03447547547547548,0.00717329808972856,0.0020675057631004594
0.034576576576576576,0.0071800811672343146,0.0020675057631004594
0.03467767767767768,0.007186827599962971,0.0020675057631004594
0.03477877877877878,0.007193537223058311,0.0020675057631004594
0.03487987987987988,0.007200209874059214,0.0020675057631004594
0.03498098098098098,0.00720684539290287,0.0020675057631004594
0.035082082082082085,0.007213443621927426,0.0020675057631004594
0.035183183183183184,0.007220004405874074,0.0020675057631004594
0.03528428428428428,0.007226527591888573,0.0020675057631004594
0.03538538538538539,0.007233013029522199,0.0020675057631004594
0.03548648648648649,0.007239460570732146,0.0020675057631004594
0.03558758758758759,0.007245870069881349,0.0020675057631004594
0.03568868868868869,0.007252241383737752,0.0020675057631004594
0.03578978978978979,0.0072585743714730115,0.0020675057631004594
0.03589089089089089,0.00726486889466064,0.0020675057631004594
0.03599199199199199,0.007271124817273582,0.0020675057631004594
0.036093093093093095,0.007277342005681243,0.0020675057631004594
0.036194194194194194,0.007283520328645945,0.0020675057631004594
0.03629529529529529,0.007289659657318835,0.0020675057631004594
0.0363963963963964,0.007295759865235236,0.0020675057631004594
0.0364974974974975,0.007301820828309433,0.0020675057631004594
0.0365985985985986,0.007307842424828918,0.0020675057631004594
0.0366996996996997,0.007313824535448079,0.0020675057631004594
0.0368008008008008,0.007319767043181334,0.0020675057631004594
0.0369019019019019,0.007325669833395722,0.0020675057631004594
0.03700300300300301,0.007331532793802947,0.0020675057631004594
0.037104104104104106,0.007337355814450871,0.0020675057631004594
0.037205205205205205,0.007343138787714477,0.0020675057631004594
0.037306306306306304,0.007348881608286279,0.0020675057631004594
0.03740740740740741,0.0073545841731662035,0.0020675057631004594
0.03750850850850851,0.007360246381650928,0.0020675057631004594
0.03760960960960961,0.007365868135322696,0.0020675057631004594
0.037710710710710714,0.007371449338037594,0.0020675057631004594
0.03781181181181181,0.007376989895913302,0.0020675057631004594
0.03791291291291291,0.007382489717316328,0.0020675057631004594
0.03801401401401402,0.007387948712848711,0.0020675057631004594
0.03811511511511512,0.007393366795334211,0.0020675057631004594
0.038216216216216216,0.007398743879803985,0.0020675057631004594
0.038317317317317315,0.007404079883481749,0.0020675057631004594
0.03841841841841842,0.007409374725768436,0.0020675057631004594
0.03851951951951952,0.0074146283282263414,0.0020675057631004594
0.03862062062062062,0.0074198406145627805,0.0020675057631004594
0.038721721721721725,0.007425011510613239,0.0020675057631004594
0.038822822822822824,0.007430140944324034,0.0020675057631004594
0.03892392392392392,0.007435228845734489,0.0020675057631004594
0.03902502502502503,0.007440275146958619,0.0020675057631004594
0.03912612612612613,0.0074452797821663455,0.0020675057631004594
0.03922722722722723,0.007450242687564218,0.0020675057631004594
0.03932832832832833,0.007455163801375687,0.0020675057631004594
0.03942942942942943,0.00746004306382089,0.0020675057631004594
0.03953053053053053,0.0074648804170959916,0.0020675057631004594
0.03963163163163163,0.007469675805352054,0.0020675057631004594
0.039732732732732735,0.007474429174673468,0.0020675057631004594
0.039833833833833834,0.007479140473055922,0.0020675057631004594
0.03993493493493493,0.007483809650383947,0.0020675057631004594
0.04003603603603604,0.007488436658408013,0.0020675057631004594
0.04013713713713714,0.0074930214507211955,0.0020675057631004594
0.04023823823823824,0.007497563982735425,0.0020675057631004594
0.04033933933933934,0.007502064211657308,0.0020675057631004594
0.04044044044044044,0.007506522096463539,0.0020675057631004594
0.04054154154154154,0.0075109375978759055,0.0020675057631004594
0.04064264264264264,0.007515310678335885,0.0020675057631004594
0.040743743743743746,0.007519641301978854,0.0020675057631004594
0.040844844844844845,0.007523929434607904,0.0020675057631004594
0.040945945945945944,0.007528175043667273,0.0020675057631004594
0.04104704704704705,0.007532378098215404,0.0020675057631004594
0.04114814814814815,0.0075365385688976275,0.0020675057631004594
0.04124924924924925,0.007540656427918491,0.0020675057631004594
0.041350350350350354,0.0075447316490137185,0.0020675057631004594
0.04145145145145145,0.007548764207421829,0.0020675057631004594
0.04155255255255255,0.007552754079855413,0.0020675057631004594
0.04165365365365366,0.007556701244472067,0.0020675057631004594
0.04175475475475476,0.007560605680845002,0.0020675057631004594
0.041855855855855856,0.007564467369933338,0.0020675057631004594
0.041956956956956955,0.007568286294052074,0.0020675057631004594
0.04205805805805806,0.007572062436841754,0.0020675057631004594
0.04215915915915916,0.00757579578323784,0.0020675057631004594
0.04226026026026026,0.007579486319439793,0.0020675057631004594
0.042361361361361365,0.007583134032879863,0.0020675057631004594
0.042462462462462464,0.007586738912191614,0.0020675057631004594
0.04256356356356356,0.007590300947178175,0.0020675057631004594
0.04266466466466467,0.007593820128780234,0.0020675057631004594
0.04276576576576577,0.007597296449043784,0.0020675057631004594
0.042866866866866866,0.007600729901087622,0.0020675057631004594
0.042967967967967965,0.007604120479070615,0.0020675057631004594
0.04306906906906907,0.007607468178158744,0.0020675057631004594
0.04317017017017017,0.0076107729944919255,0.0020675057631004594
0.04327127127127127,0.007614034925150632,0.0020675057631004594
0.043372372372372375,0.007617253968122301,0.0020675057631004594
0.043473473473473474,0.007620430122267569,0.0020675057631004594
0.04357457457457457,0.007623563387286311,0.0020675057631004594
0.04367567567567568,0.007626653763683512,0.0020675057631004594
0.04377677677677678,0.007629701252734976,0.0020675057631004594
0.04387787787787788,0.0076327058564528835,0.0020675057631004594
0.04397897897897898,0.007635667577551193,0.0020675057631004594
0.04408008008008008,0.007638586419410922,0.0020675057631004594
0.04418118118118118,0.007641462386045287,0.0020675057631004594
0.04428228228228228,0.007644295482064742,0.0020675057631004594
0.044383383383383386,0.007647085712641897,0.0020675057631004594
0.044484484484484485,0.007649833083476347,0.0020675057631004594
0.044585585585585584,0.007652537600759412,0.0020675057631004594
0.04468668668668669,0.007655199271138796,0.0020675057631004594
0.04478778778778779,0.0076578181016831864,0.0020675057631004594
0.04488888888888889,0.007660394099846787,0.0020675057631004594
0.044989989989989994,0.007662927273433813,0.0020675057631004594
0.04509109109109109,0.007665417630562934,0.0020675057631004594
0.04519219219219219,0.007667865179631713,0.0020675057631004594
0.04529329329329329,0.007670269929281003,0.0020675057631004594
0.0453943943943944,0.007672631888359357,0.0020675057631004594
0.045495495495495496,0.00767495106588743,0.0020675057631004594
0.045596596596596595,0.007677227471022408,0.0020675057631004594
0.0456976976976977,0.007679461113022445,0.0020675057631004594
0.0457987987987988,0.007681652001211154,0.0020675057631004594
0.0458998998998999,0.0076838001449421305,0.0020675057631004594
0.046001001001001005,0.007685905553563542,0.0020675057631004594
0.046102102102102104,0.00768796823638278,0.0020675057631004594
0.0462032032032032,0.0076899882026311974,0.0020675057631004594
0.04630430430430431,0.007691965461428926,0.0020675057631004594
0.04640540540540541,0.007693900021749806,0.0020675057631004594
0.046506506506506506,0.007695791892386418,0.0020675057631004594
0.046607607607607605,0.007697641081915244,0.0020675057631004594
0.04670870870870871,0.0076994475986619584,0.0020675057631004594
0.04680980980980981,0.007701211450666867,0.0020675057631004594
0.04691091091091091,0.0077029326456504975,0.0020675057631004594
0.047012012012012015,0.007704611190979366,0.0020675057631004594
0.047113113113113114,0.007706247093631914,0.0020675057631004594
0.04721421421421421,0.007707840360164638,0.0020675057631004594
0.04731531531531532,0.007709390996678421,0.0020675057631004594
0.04741641641641642,0.0077108990087850805,0.0020675057631004594
0.04751751751751752,0.00771236440157413,0.0020675057631004594
0.04761861861861862,0.007713787179579787,0.0020675057631004594
0.04771971971971972,0.007715167346748226,0.0020675057631004594
0.04782082082082082,0.007716504906405081,0.0020675057631004594
0.04792192192192192,0.007717799861223229,0.0020675057631004594
0.048023023023023026,0.007719052213190851,0.0020675057631004594
0.048124124124124125,0.007720261963579781,0.0020675057631004594
0.048225225225225224,0.0077214291129141695,0.0020675057631004594
0.04832632632632633,0.0077225536609394525,0.0020675057631004594
0.04842742742742743,0.0077236356065916575,0.0020675057631004594
0.04852852852852853,0.007724674947967038,0.0020675057631004594
0.048629629629629634,0.0077256716822920735,0.0020675057631004594
0.04873073073073073,0.007726625805893815,0.0020675057631004594
0.04883183183183183,0.007727537314170617,0.0020675057631004594
0.04893293293293293,0.007728406201563252,0.0020675057631004594
0.04903403403403404,0.007729232461526417,0.0020675057631004594
0.049135135135135136,0.007730016086500655,0.0020675057631004594
0.049236236236236235,0.007730757067884696,0.0020675057631004594
0.04933733733733734,0.007731455396008223,0.0020675057631004594
0.04943843843843844,0.0077321110601050935,0.0020675057631004594
0.04953953953953954,0.0077327240482870045,0.0020675057631004594
0.049640640640640644,0.007733294347517629,0.0020675057631004594
0.04974174174174174,0.00773382194358723,0.0020675057631004594
0.04984284284284284,0.007734306821087767,0.0020675057631004594
0.04994394394394395,0.007734748963388497,0.0020675057631004594
0.05004504504504505,0.00773514835261209,0.0020675057631004594
0.050146146146146146,0.007735504969611276,0.0020675057631004594
0.050247247247247245,0.007735818793946011,0.0020675057631004594
0.05034834834834835,0.007736089803861207,0.0020675057631004594
0.05044944944944945,0.007736317976265009,0.0020675057631004594
0.05055055055055055,0.0077365032867076425,0.0020675057631004594
0.050651651651651655,0.007736645709360842,0.0020675057631004594
0.050752752752752754,0.007736745216997874,0.0020675057631004594
0.05085385385385385,0.0077368017809741575,0.0020675057631004594
0.05095495495495496,0.007736815371208499,0.0020675057631004594
0.05105605605605606,0.0077367859561649575,0.0020675057631004594
0.05115715715715716,0.007736713502835336,0.0020675057631004594
0.051258258258258256,0.0077365979767223285,0.0020675057631004594
0.05135935935935936,0.007736439341823315,0.0020675057631004594
0.05146046046046046,0.007736237560614833,0.0020675057631004594
0.05156156156156156,0.007735992594037727,0.0020675057631004594
0.051662662662662666,0.007735704401482976,0.0020675057631004594
0.051763763763763765,0.007735372940778236,0.0020675057631004594
0.051864864864864864,0.007734998168175084,0.0020675057631004594
0.05196596596596597,0.0077345800383369885,0.0020675057631004594
0.05206706706706707,0.007734118504328002,0.0020675057631004594
0.05216816816816817,0.0077336135176022044,0.0020675057631004594
0.052269269269269274,0.007733065027993891,0.0020675057631004594
0.05237037037037037,0.00773247298370853,0.0020675057631004594
0.05247147147147147,0.007731837331314482,0.0020675057631004594
0.05257257257257257,0.007731158015735506,0.0020675057631004594
0.05267367367367368,0.007730434980244056,0.0020675057631004594
0.052774774774774776,0.00772966816645538,0.0020675057631004594
0.052875875875875875,0.007728857514322425,0.0020675057631004594
0.05297697697697698,0.007728002962131566,0.0020675057631004594
0.05307807807807808,0.007727104446499157,0.0020675057631004594
0.05317917917917918,0.007726161902368934,0.0020675057631004594
0.053280280280280284,0.00772517526301025,0.0020675057631004594
0.05338138138138138,0.007724144460017171,0.0020675057631004594
0.05348248248248248,0.0077230694233084455,0.0020675057631004594
0.05358358358358358,0.007721950081128338,0.0020675057631004594
0.05368468468468469,0.007720786360048345,0.0020675057631004594
0.053785785785785786,0.007719578184969808,0.0020675057631004594
0.053886886886886885,0.00771832547912742,0.0020675057631004594
0.05398798798798799,0.007717028164093644,0.0020675057631004594
0.05408908908908909,0.007715686159784038,0.0020675057631004594
0.05419019019019019,0.007714299384463516,0.0020675057631004594
0.054291291291291295,0.007712867754753525,0.0020675057631004594
0.054392392392392394,0.007711391185640174,0.0020675057631004594
0.05449349349349349,0.0077098695904832945,0.0020675057631004594
0.0545945945945946,0.007708302881026467,0.0020675057631004594
0.0546956956956957,0.0077066909674080005,0.0020675057631004594
0.0547967967967968,0.007705033758172874,0.0020675057631004594
0.054897897897897896,0.007703331160285663,0.0020675057631004594
0.054998998998999,0.007701583079144433,0.0020675057631004594
0.0551001001001001,0.007699789418595629,0.0020675057631004594
0.0552012012012012,0.007697950080949953,0.0020675057631004594
0.055302302302302306,0.007696064966999233,0.0020675057631004594
0.055403403403403405,0.007694133976034315,0.0020675057631004594
0.055504504504504504,0.007692157005863935,0.0020675057631004594
0.05560560560560561,0.007690133952834637,0.0020675057631004594
0.05570670670670671,0.007688064711851685,0.0020675057631004594
0.05580780780780781,0.007685949176401016,0.0020675057631004594
0.05590890890890891,0.007683787238572214,0.0020675057631004594
0.05601001001001001,0.007681578789082522,0.0020675057631004594
0.05611111111111111,0.0076793237173018855,0.0020675057631004594
0.05621221221221221,0.007677021911279048,0.0020675057631004594
0.056313313313313317,0.007674673257768684,0.0020675057631004594
0.056414414414414416,0.007672277642259583,0.0020675057631004594
0.056515515515515514,0.0076698349490038915,0.0020675057631004594
0.05661661661661662,0.0076673450610474,0.0020675057631004594
0.05671771771771772,0.007664807860260899,0.0020675057631004594
0.05681881881881882,0.007662223227372591,0.0020675057631004594
0.056919919919919924,0.007659591042001568,0.0020675057631004594
0.05702102102102102,0.007656911182692349,0.0020675057631004594
0.05712212212212212,0.007654183526950491,0.0020675057631004594
0.05722322322322322,0.00765140795127927,0.0020675057631004594
0.05732432432432433,0.007648584331217421,0.0020675057631004594
0.057425425425425426,0.007645712541377961,0.0020675057631004594
0.057526526526526525,0.007642792455488083,0.0020675057631004594
0.05762762762762763,0.007639823946430106,0.0020675057631004594
0.05772872872872873,0.007636806886283519,0.0020675057631004594
0.05782982982982983,0.0076337411463680855,0.0020675057631004594
0.057930930930930935,0.007630626597288016,0.0020675057631004594
0.058032032032032034,0.0076274631089772215,0.0020675057631004594
0.05813313313313313,0.007624250550745628,0.0020675057631004594
0.05823423423423424,0.007620988791326562,0.0020675057631004594
0.05833533533533534,0.007617677698925205,0.0020675057631004594
0.05843643643643644,0.007614317141268106,0.0020675057631004594
0.058537537537537536,0.007610906985653766,0.0020675057631004594
0.05863863863863864,0.007607447099004268,0.0020675057631004594
0.05873973973973974,0.007603937347917979,0.0020675057631004594
0.05884084084084084,0.007600377598723292,0.0020675057631004594
0.058941941941941946,0.007596767717533421,0.0020675057631004594
0.059043043043043045,0.007593107570302249,0.0020675057631004594
0.059144144144144144,0.007589397022881205,0.0020675057631004594
0.05924524524524525,0.007585635941077181,0.0020675057631004594
0.05934634634634635,0.007581824190711484,0.0020675057631004594
0.05944744744744745,0.007577961637679809,0.0020675057631004594
0.05954854854854855,0.0075740481480132335,0.0020675057631004594
0.05964964964964965,0.00757008358794022,0.0020675057631004594
0.05975075075075075,0.007566067823949636,0.0020675057631004594
0.05985185185185185,0.007562000722854761,0.0020675057631004594
0.059952952952952956,0.007557882151858293,0.0020675057631004594
0.060054054054054055,0.007553711978618339,0.0022219184899094544
0.060155155155155154,0.007549490071315381,0.0022219184899094544
0.06025625625625626,0.007545216298720205,0.0022219184899094544
0.06035735735735736,0.007540890530262794,0.0022219184899094544
0.06045845845845846,0.00753651263610217,0.0022219184899094544
0.060559559559559564,0.007532082487197169,0.0022219184899094544
0.06066066066066066,0.0075275999553781545,0.0022219184899094544
0.06076176176176176,0.0075230649134196415,0.0022219184899094544
0.06086286286286286,0.007518477235113828,0.0022219184899094544
0.06096396396396397,0.007513836795345024,0.0022219184899094544
0.061065065065065066,0.007509143470164966,0.0022219184899094544
0.061166166166166165,0.007504397136869001,0.0022219184899094544
0.06126726726726727,0.0074995976740731204,0.0022219184899094544
0.06136836836836837,0.007494744961791852,0.0022219184899094544
0.06146946946946947,0.007489838881516973,0.0022219184899094544
0.061570570570570575,0.007484879316297043,0.0022219184899094544
0.061671671671671674,0.007479866150817738,0.0022219184899094544
0.06177277277277277,0.007474799271482967,0.0022219184899094544
0.06187387387387387,0.007469678566496768,0.0022219184899094544
0.06197497497497498,0.007464503925945947,0.0022219184899094544
0.06207607607607608,0.00745927524188346,0.0022219184899094544
0.062177177177177176,0.007453992408412518,0.0022219184899094544
0.06227827827827828,0.007448655321771386,0.0022219184899094544
0.06237937937937938,0.0074432638804188735,0.0022219184899094544
0.06248048048048048,0.007437817985120485,0.0022219184899094544
0.06258158158158159,0.007432317539035221,0.0022219184899094544
0.06268268268268268,0.007426762447802999,0.0022219184899094544
0.06278378378378378,0.0074211526196326805,0.0022219184899094544
0.06288488488488489,0.007415487965390694,0.0022219184899094544
0.06298598598598598,0.0074097683986902,0.0022219184899094544
0.06308708708708709,0.007403993835980816,0.0022219184899094544
0.0631881881881882,0.007398164196638848,0.0022219184899094544
0.06328928928928929,0.007392279403058025,0.0022219184899094544
0.06339039039039039,0.007386339380740695,0.0022219184899094544
0.0634914914914915,0.007380344058389477,0.0022219184899094544
0.06359259259259259,0.007374293367999333,0.0022219184899094544
0.0636936936936937,0.007368187244950032,0.0022219184899094544
0.0637947947947948,0.0073620256280989855,0.0022219184899094544
0.0638958958958959,0.007355808459874436,0.0022219184899094544
0.063996996996997,0.007349535686368946,0.0022219184899094544
0.0640980980980981,0.007343207257433186,0.0022219184899094544
0.0641991991991992,0.007336823126769986,0.0022219184899094544
0.0643003003003003,0.007330383252028601,0.0022219184899094544
0.06440140140140141,0.0073238875948992,0.0022219184899094544
0.0645025025025025,0.007317336121207506,0.0022219184899094544
0.06460360360360361,0.007310728801009584,0.0022219184899094544
0.06470470470470471,0.007304065608686744,0.0022219184899094544
0.0648058058058058,0.007297346523040502,0.0022219184899094544
0.06490690690690691,0.007290571527387598,0.0022219184899094544
0.065008008008008,0.007283740609655021,0.0022219184899094544
0.06510910910910911,0.007276853762474999,0.0022219184899094544
0.06521021021021021,0.007269910983279941,0.0022219184899094544
0.06531131131131131,0.007262912274397275,0.0022219184899094544
0.06541241241241241,0.007255857643144153,0.0022219184899094544
0.06551351351351352,0.007248747101921993,0.0022219184899094544
0.06561461461461461,0.007241580668310809,0.0022219184899094544
0.06571571571571572,0.007234358365163289,0.0022219184899094544
0.06581681681681682,0.007227080220698604,0.0022219184899094544
0.06591791791791791,0.007219746268595875,0.0022219184899094544
0.06601901901901902,0.0072123565480872835,0.0022219184899094544
0.06612012012012013,0.0072049111040507745,0.0022219184899094544
0.06622122122122122,0.007197409987102311,0.0022219184899094544
0.06632232232232232,0.007189853253687625,0.0022219184899094544
0.06642342342342343,0.007182240966173457,0.0022219184899094544
0.06652452452452452,0.007174573192938189,0.0022219184899094544
0.06662562562562563,0.007166850008461871,0.0022219184899094544
0.06672672672672673,0.007159071493415567,0.0022219184899094544
0.06682782782782783,0.00715123773474999,0.0022219184899094544
0.06692892892892893,0.007143348825783365,0.0022219184899094544
0.06703003003003004,0.007135404866288486,0.0022219184899094544
0.06713113113113113,0.007127405962578904,0.0022219184899094544
0.06723223223223224,0.007119352227594206,0.0022219184899094544
0.06733333333333333,0.007111243780984338,0.0022219184899094544
0.06743443443443443,0.007103080749192895,0.0022219184899094544
0.06753553553553554,0.007094863265539369,0.0022219184899094544
0.06763663663663663,0.00708659147030026,0.0022219184899094544
0.06773773773773774,0.007078265510789015,0.0022219184899094544
0.06783883883883884,0.007069885541434749,0.0022219184899094544
0.06793993993993994,0.007061451723859675,0.0022219184899094544
0.06804104104104104,0.007052964226955188,0.0022219184899094544
0.06814214214214215,0.007044423226956565,0.0022219184899094544
0.06824324324324324,0.007035828907516199,0.0022219184899094544
0.06834434434434435,0.007027181459775319,0.0022219184899094544
0.06844544544544545,0.00701848108243414,0.0022219184899094544
0.06854654654654654,0.007009727981820374,0.0022219184899094544
0.06864764764764765,0.007000922371956038,0.0022219184899094544
0.06874874874874876,0.006992064474622516,0.0022219184899094544
0.06884984984984985,0.006983154519423786,0.0022219184899094544
0.06895095095095095,0.006974192743847756,0.0022219184899094544
0.06905205205205206,0.006965179393325657,0.0022219184899094544
0.06915315315315315,0.006956114721289416,0.0022219184899094544
0.06925425425425426,0.006946998989226922,0.0022219184899094544
0.06935535535535536,0.006937832466735169,0.0022219184899094544
0.06945645645645646,0.006928615431571147,0.0022219184899094544
0.06955755755755756,0.006919348169700445,0.0022219184899094544
0.06965865865865865,0.006910030975343506,0.0022219184899094544
0.06975975975975976,0.006900664151019411,0.0022219184899094544
0.06986086086086087,0.006891248007587188,0.0022219184899094544
0.06996196196196196,0.006881782864284509,0.0022219184899094544
0.07006306306306306,0.00687226904876374,0.0022219184899094544
0.07016416416416417,0.006862706897125253,0.0022219184899094544
0.07026526526526526,0.006853096753947927,0.0022219184899094544
0.07036636636636637,0.006843438972316749,0.0022219184899094544
0.07046746746746747,0.0068337339138474585,0.0022219184899094544
0.07056856856856857,0.006823981948708133,0.0022219184899094544
0.07066966966966967,0.006814183455637639,0.0022219184899094544
0.07077077077077078,0.006804338821960888,0.0022219184899094544
0.07087187187187187,0.006794448443600771,0.0022219184899094544
0.07097297297297298,0.0067845127250867245,0.0022219184899094544
0.07107407407407408,0.006774532079559841,0.0022219184899094544
0.07117517517517517,0.0067645069287744055,0.0022219184899094544
0.07127627627627628,0.0067544377030958015,0.0022219184899094544
0.07137737737737739,0.006744324841494699,0.0022219184899094544
0.07147847847847848,0.0067341687915374055,0.0022219184899094544
0.07157957957957958,0.006723970009372315,0.0022219184899094544
0.07168068068068069,0.006713728959712363,0.0022219184899094544
0.07178178178178178,0.006703446115813384,0.0022219184899094544
0.07188288288288289,0.006693121959448264,0.0022219184899094544
0.07198398398398398,0.00668275698087684,0.0022219184899094544
0.07208508508508508,0.0066723516788113925,0.0022219184899094544
0.07218618618618619,0.006661906560377674,0.0022219184899094544
0.07228728728728728,0.0066514221410713635,0.0022219184899094544
0.07238838838838839,0.006640898944709829,0.0022219184899094544
0.0724894894894895,0.0066303375033791275,0.0022219184899094544
0.07259059059059059,0.006619738357376129,0.0022219184899094544
0.07269169169169169,0.006609102055145633,0.0022219184899094544
0.0727927927927928,0.00659842915321243,0.0022219184899094544
0.07289389389389389,0.006587720216108145,0.0022219184899094544
0.072994994994995,0.006576975816292787,0.0022219184899094544
0.0730960960960961,0.006566196534070897,0.0022219184899094544
0.0731971971971972,0.00655538295750217,0.0022219184899094544
0.0732982982982983,0.006544535682306443,0.0022219184899094544
0.0733993993993994,0.006533655311762963,0.0022219184899094544
0.0735005005005005,0.006522742456603775,0.0022219184899094544
0.0736016016016016,0.006511797734901157,0.0022219184899094544
0.07370270270270271,0.006500821771948962,0.0022219184899094544
0.0738038038038038,0.00648981520013777,0.0022219184899094544
0.07390490490490491,0.006478778658823706,0.0022219184899094544
0.07400600600600601,0.006467712794190827,0.0022219184899094544
0.0741071071071071,0.00645661825910695,0.0022219184899094544
0.07420820820820821,0.006445495712972786,0.0022219184899094544
0.0743093093093093,0.006434345821564284,0.0022219184899094544
0.07441041041041041,0.006423169256868028,0.0022219184899094544
0.07451151151151152,0.006411966696909591,0.0022219184899094544
0.07461261261261261,0.006400738825574694,0.0022219184899094544
0.07471371371371371,0.006389486332423053,0.0022219184899094544
0.07481481481481482,0.0063782099124947865,0.0022219184899094544
0.07491591591591591,0.006366910266109246,0.0022219184899094544
0.07501701701701702,0.006355588098656127,0.0022219184899094544
0.07511811811811812,0.006344244120378762,0.0022219184899094544
0.07521921921921922,0.006332879046149407,0.0022219184899094544
0.07532032032032032,0.006321493595236426,0.0022219184899094544
0.07542142142142143,0.006310088491063227,0.0022219184899094544
0.07552252252252252,0.006298664460958789,0.0022219184899094544
0.07562362362362363,0.006287222235899662,0.0022219184899094544
0.07572472472472473,0.006275762550243287,0.0022219184899094544
0.07582582582582582,0.006264286141452498,0.0022219184899094544
0.07592692692692693,0.006252793749811039,0.0022219184899094544
0.07602802802802804,0.006241286118129985,0.0022219184899094544
0.07612912912912913,0.006229763991444892,0.0022219184899094544
0.07623023023023023,0.006218228116703518,0.0022219184899094544
0.07633133133133134,0.006206679242444002,0.0022219184899094544
0.07643243243243243,0.006195118118463312,0.0022219184899094544
0.07653353353353354,0.006183545495475805,0.0022219184899094544
0.07663463463463463,0.006171962124761784,0.0022219184899094544
0.07673573573573574,0.006160368757805849,0.0022219184899094544
0.07683683683683684,0.006148766145924904,0.0022219184899094544
0.07693793793793793,0.006137155039885669,0.0022219184899094544
0.07703903903903904,0.006125536189511489,0.0022219184899094544
0.07714014014014015,0.006113910343278356,0.0022219184899094544
0.07724124124124124,0.006102278247899896,0.0022219184899094544
0.07734234234234234,0.006090640647901196,0.0022219184899094544
0.07744344344344345,0.006078998285181319,0.0022219184899094544
0.07754454454454454,0.006067351898564283,0.0022219184899094544
0.07764564564564565,0.00605570222333838,0.0022219184899094544
0.07774674674674675,0.006044049990783655,0.0022219184899094544
0.07784784784784785,0.006032395927687334,0.0022219184899094544
0.07794894894894895,0.006020740755847075,0.0022219184899094544
0.07805005005005006,0.00600908519156183,0.0022219184899094544
0.07815115115115115,0.005997429945110146,0.0022219184899094544
0.07825225225225226,0.005985775720215728,0.0022219184899094544
0.07835335335335336,0.005974123213500078,0.0022219184899094544
0.07845445445445445,0.0059624731139220335,0.0022219184899094544
0.07855555555555556,0.005950826102203984,0.0022219184899094544
0.07865665665665666,0.005939182850244642,0.0022219184899094544
0.07875775775775776,0.005927544020518116,0.0022219184899094544
0.07885885885885886,0.005915910265459113,0.0022219184899094544
0.07895995995995995,0.005904282226834114,0.0022219184899094544
0.07906106106106106,0.005892660535098259,0.0022219184899094544
0.07916216216216217,0.005881045808737809,0.0022219184899094544
0.07926326326326326,0.00586943865359795,0.0022219184899094544
0.07936436436436436,0.005857839662195742,0.0022219184899094544
0.07946546546546547,0.005846249413018032,0.0022219184899094544
0.07956656656656656,0.005834668469804096,0.0022219184899094544
0.07966766766766767,0.005823097380812832,0.0022219184899094544
0.07976876876876877,0.005811536678074287,0.0022219184899094544
0.07986986986986987,0.005799986876625294,0.0022219184899094544
0.07997097097097097,0.005788448473729031,0.0022219184899094544
0.08007207207207208,0.005776921948078283,0.0022219184899094544
0.08017317317317317,0.0057654077589821846,0.0022219184899094544
0.08027427427427428,0.005753906345536216,0.0022219184899094544
0.08037537537537538,0.005742418125775282,0.0022219184899094544
0.08047647647647647,0.00573094349580959,0.0022219184899094544
0.08057757757757758,0.005719482828943145,0.0022219184899094544
0.08067867867867869,0.00570803647477464,0.0022219184899094544
0.08077977977977978,0.005696604758280491,0.0022219184899094544
0.08088088088088088,0.005685187978879803,0.0022219184899094544
0.08098198198198199,0.005673786409481039,0.0022219184899094544
0.08108308308308308,0.005662400295510165,0.0022219184899094544
0.08118418418418419,0.005651029853920019,0.0022219184899094544
0.08128528528528528,0.00563967527218069,0.0022219184899094544
0.08138638638638639,0.005628336707250641,0.0022219184899094544
0.08148748748748749,0.005617014284528395,0.0022219184899094544
0.08158858858858858,0.005605708096784453,0.0022219184899094544
0.08168968968968969,0.005594418203073283,0.0022219184899094544
0.0817907907907908,0.005583144627625106,0.0022219184899094544
0.08189189189189189,0.005571887358717204,0.0022219184899094544
0.081992992992993,0.005560646347524543,0.0022219184899094544
0.0820940940940941,0.005549421506949441,0.0022219184899094544
0.08219519519519519,0.00553821271043003,0.0022219184899094544
0.0822962962962963,0.005527019790727229,0.0022219184899094544
0.0823973973973974,0.005515842538690049,0.0022219184899094544
0.0824984984984985,0.005504680701998874,0.0022219184899094544
0.0825995995995996,0.0054935339838865045,0.0022219184899094544
0.08270070070070071,0.0054824020418367345,0.0022219184899094544
0.0828018018018018,0.005471284486260114,0.0022219184899094544
0.0829029029029029,0.005460180879146688,0.0022219184899094544
0.08300400400400401,0.005449090732695448,0.0022219184899094544
0.0831051051051051,0.005438013507920177,0.0022219184899094544
0.08320620620620621,0.005426948613231453,0.0022219184899094544
0.08330730730730732,0.005415895402994522,0.0022219184899094544
0.08340840840840841,0.005404853176062766,0.0022219184899094544
0.08350950950950951,0.005393821174286471,0.0022219184899094544
0.0836106106106106,0.005382798580996637,0.0022219184899094544
0.08371171171171171,0.005371784519463522,0.0022219184899094544
0.08381281281281282,0.005360778051329656,0.0022219184899094544
0.08391391391391391,0.005349778175017,0.0022219184899094544
0.08401501501501502,0.005338783824108003,0.0022219184899094544
0.08411611611611612,0.00532779386570023,0.0022219184899094544
0.08421721721721721,0.005316807098734283,0.0022219184899094544
0.08431831831831832,0.0053058222522946955,0.0022219184899094544
0.08441941941941943,0.0052948379838835425,0.0022219184899094544
0.08452052052052052,0.005283852877666409,0.0022219184899094544
0.08462162162162162,0.005272865442690447,0.0022219184899094544
0.08472272272272273,0.005261874111074213,0.0022219184899094544
0.08482382382382382,0.005250877236168968,0.0022219184899094544
0.08492492492492493,0.005239873090691114,0.0022219184899094544
0.08502602602602603,0.005228859864825492,0.0022219184899094544
0.08512712712712713,0.00521783566429918,0.0022219184899094544
0.08522822822822823,0.005206798508425507,0.0022219184899094544
0.08532932932932934,0.005195746328117945,0.0022219184899094544
0.08543043043043043,0.005184676963873558,0.0022219184899094544
0.08553153153153153,0.005173588163725678,0.0022219184899094544
0.08563263263263264,0.005162477581165495,0.0022219184899094544
0.08573373373373373,0.005151342773032223,0.0022219184899094544
0.08583483483483484,0.005140181197371479,0.0022219184899094544
0.08593593593593593,0.0051289902112616114,0.0022219184899094544
0.08603703703703704,0.005117767068607546,0.0022219184899094544
0.08613813813813814,0.0051065089179019064,0.0022219184899094544
0.08623923923923923,0.00509521279995298,0.0022219184899094544
0.08634034034034034,0.005083875645579246,0.0022219184899094544
0.08644144144144145,0.005072494273270087,0.0022219184899094544
0.08654254254254254,0.005061065386812344,0.0022219184899094544
0.08664364364364364,0.0050495855728823445,0.0022219184899094544
0.08674474474474475,0.005038051298603098,0.0022219184899094544
0.08684584584584584,0.00502645890906624,0.0022219184899094544
0.08694694694694695,0.005014804624818386,0.0022219184899094544
0.08704804804804805,0.005003084539311571,0.0022219184899094544
0.08714914914914915,0.004991294616317348,0.0022219184899094544
0.08725025025025025,0.004979430687304212,0.0022219184899094544
0.08735135135135136,0.004967488448777988,0.0022219184899094544
0.08745245245245245,0.00495546345958478,0.0022219184899094544
0.08755355355355356,0.00494335113817613,0.0022219184899094544
0.08765465465465466,0.004931146759835994,0.0022219184899094544
0.08775575575575575,0.004918845453869167,0.0022219184899094544
0.08785685685685686,0.004906442200750771,0.0022219184899094544
0.08795795795795797,0.004893931829236396,0.0022219184899094544
0.08805905905905906,0.004881309013432563,0.0022219184899094544
0.08816016016016016,0.004868568269827031,0.0022219184899094544
0.08826126126126126,0.004855703954278655,0.0022219184899094544
0.08836236236236236,0.0048427102589663085,0.0022219184899094544
0.08846346346346347,0.004829581209296532,0.0022219184899094544
0.08856456456456456,0.004816310660769476,0.0022219184899094544
0.08866566566566567,0.004802892295802733,0.0022219184899094544
0.08876676676676677,0.004789319620512677,0.0022219184899094544
0.08886786786786786,0.00477558596145288,0.0022219184899094544
0.08896896896896897,0.004761684462309163,0.0022219184899094544
0.08907007007007008,0.004747608080550956,0.0022219184899094544
0.08917117117117117,0.004733349584038442,0.0022219184899094544
0.08927227227227227,0.004718901547585118,0.0022219184899094544
0.08937337337337338,0.0047042563494753865,0.0022219184899094544
0.08947447447447447,0.004689406167936654,0.0022219184899094544
0.08957557557557558,0.00467434297756559,0.0022219184899094544
0.08967667667667668,0.004659058545708069,0.0022219184899094544
0.08977777777777778,0.004643544428792407,0.0022219184899094544
0.08987887887887888,0.004627791968615376,0.0022219184899094544
0.08997997997997999,0.004611792288580643,0.0022219184899094544
0.09008108108108108,0.004595536289889145,0.0022219184899094544
0.09018218218218219,0.004579014647680918,0.0022219184899094544
0.09028328328328329,0.004562217807128026,0.0022219184899094544
0.09038438438438438,0.004545135979478051,0.0022219184899094544
0.09048548548548549,0.004527759138047714,0.0022219184899094544
0.09058658658658658,0.00451007701416619,0.0022219184899094544
0.09068768768768769,0.0044920790930676364,0.0022219184899094544
0.0907887887887888,0.004473754609732461,0.0022219184899094544
0.09088988988988989,0.004455092544676899,0.0022219184899094544
0.09099099099099099,0.004436081619690359,0.0022219184899094544
0.0910920920920921,0.004416710293520172,0.0022219184899094544
0.09119319319319319,0.004396966757503167,0.0022219184899094544
0.0912942942942943,0.004376838931143613,0.0022219184899094544
0.0913953953953954,0.004356314457637126,0.0022219184899094544
0.0914964964964965,0.004335380699339931,0.0022219184899094544
0.0915975975975976,0.004314024733183093,0.0022219184899094544
0.0916986986986987,0.004292233346031173,0.0022219184899094544
0.0917997997997998,0.004269993029984819,0.0022219184899094544
0.0919009009009009,0.004247289977626823,0.0022219184899094544
0.09200200200200201,0.0042241100772111035,0.0022219184899094544
0.0921031031031031,0.004200438907794137,0.0022219184899094544
0.09220420420420421,0.004176261734308328,0.0022219184899094544
0.09230530530530531,0.004151563502576798,0.0022219184899094544
0.0924064064064064,0.0041263288342690855,0.0022219184899094544
0.09250750750750751,0.004100542021797235,0.0022219184899094544
0.09260860860860862,0.004074187023151772,0.0022219184899094544
0.09270970970970971,0.00404724745667703,0.0022219184899094544
0.09281081081081081,0.00401970659578528,0.0022219184899094544
0.09291191191191192,0.0039915473636091894,0.0022219184899094544
0.09301301301301301,0.003962752327592019,0.0022219184899094544
0.09311411411411412,0.003933303694015068,0.0022219184899094544
0.09321521521521521,0.00390318330246179,0.0022219184899094544
0.09331631631631632,0.0038723726202180607,0.0022219184899094544
0.09341741741741742,0.0038408527366080667,0.0022219184899094544
0.09351851851851851,0.003808604357265234,0.0022219184899094544
0.09361961961961962,0.0037756077983376072,0.0022219184899094544
0.09372072072072073,0.0037418429806272925,0.0022219184899094544
0.09382182182182182,0.003707289423663174,0.0022219184899094544
0.09392292292292292,0.003671926239706487,0.0022219184899094544
0.09402402402402403,0.0036357321276886895,0.0022219184899094544
0.09412512512512512,0.0035986853670809784,0.0022219184899094544
0.09422622622622623,0.003560763811694941,0.0022219184899094544
0.09432732732732733,0.0035219448834137397,0.0022219184899094544
0.09442842842842843,0.003482205565853288,0.0022219184899094544
0.09452952952952953,0.0034415223979527643,0.0022219184899094544
0.09463063063063064,0.003399871467493945,0.0022219184899094544
0.09473173173173173,0.0033572284045487776,0.0022219184899094544
0.09483283283283284,0.003313568374854474,0.0022219184899094544
0.09493393393393394,0.003268866073115719,0.0022219184899094544
0.09503503503503503,0.0032230957162332494,0.0022219184899094544
0.09513613613613614,0.003176231036458233,0.0022219184899094544
0.09523723723723725,0.003128245274471907,0.0022219184899094544
0.09533833833833834,0.0030791111723897585,0.0022219184899094544
0.09543943943943944,0.0030288009666897013,0.0022219184899094544
0.09554054054054054,0.002977286381063672,0.0022219184899094544
0.09564164164164164,0.002924538619191859,0.0022219184899094544
0.09574274274274275,0.002870528357439217,0.0022219184899094544
0.09584384384384384,0.0028152257374732996,0.0022219184899094544
0.09594494494494495,0.0027586003588030454,0.0022219184899094544
0.09604604604604605,0.002700621271237817,0.0022219184899094544
0.09614714714714714,0.0026412569672659703,0.0022219184899094544
0.09624824824824825,0.0025804753743523534,0.0022219184899094544
0.09634934934934936,0.0025182438471541774,0.0022219184899094544
0.09645045045045045,0.002454529159654496,0.0022219184899094544
0.09655155155155155,0.0023892974972126403,0.0022219184899094544
0.09665265265265266,0.0023225144485310737,0.0022219184899094544
0.09675375375375375,0.002254144997537888,0.0022219184899094544
0.09685485485485486,0.002184153515184249,0.0022219184899094544
0.09695595595595596,0.002112503751156289,0.0022219184899094544
0.09705705705705706,0.0020391588255006645,0.0022219184899094544
0.09715815815815816,0.0019640812201629576,0.0022219184899094544
0.09725925925925927,0.0018872327704386347,0.0022219184899094544
0.09736036036036036,0.0018085746563354455,0.0022219184899094544
0.09746146146146147,0.0017280673938468282,0.0022219184899094544
0.09756256256256257,0.0016456708261356383,0.0022219184899094544
0.09766366366366366,0.0015613441146273182,0.0022219184899094544
0.09776476476476477,0.001475045730012,0.0022219184899094544
0.09786586586586586,0.0013867334431547996,0.0022219184899094544
0.09796696696696697,0.0012963643159134538,0.0022219184899094544
0.09806806806806807,0.0012038946918628193,0.0022219184899094544
0.09816916916916917,0.0011092801869253483,0.0022219184899094544
0.09827027027027027,0.0010124756799068215,0.0022219184899094544
0.09837137137137138,0.0009134353029367562,0.0022219184899094544
0.09847247247247247,0.0008121124318126883,0.0022219184899094544
0.09857357357357358,0.0007084596762474511,0.0022219184899094544
0.09867467467467468,0.0006024288700189912,0.0022219184899094544
0.09877577577577577,0.0004939710610218397,0.0022219184899094544
0.09887687687687688,0.0003830365012193601,0.0022219184899094544
0.09897797797797799,0.0002695746364963572,0.0022219184899094544
0.09907907907907908,0.0001535340964109854,0.0022219184899094544
0.09918018018018018,3.486268384538926e-05,0.0022219184899094544
0.09928128128128129,-8.649263544582494e-05,0.0022219184899094544
0.09938238238238238,-0.0002105857433898255,0.0022219184899094544
0.09948348348348349,-0.0003374713802536079,0.0022219184899094544
0.09958458458458459,-0.0004672051554061923,0.0022219184899094544
0.09968568568568568,-0.0005998435581862057,0.0022219184899094544
0.09978678678678679,-0.0007354439688753009,0.0022219184899094544
0.0998878878878879,-0.0008740646697782068,0.0022219184899094544
0.09998898898898899,-0.0010157648564104978,0.0022219184899094544
0.1000900900900901,-0.0011606046487945337,0.0022219184899094544
0.10019119119119119,-0.0013086451028643748,0.0022219184899094544
0.10029229229229229,-0.0014599482219809648,0.0022219184899094544
0.1003933933933934,-0.0016145769685574898,0.0022219184899094544
0.10049449449449449,-0.0017725952757967093,0.0022219184899094544
0.1005955955955956,-0.0019340680595403585,0.0022219184899094544
0.1006966966966967,-0.0020990612302317453,0.0022219184899094544
0.1007977977977978,-0.0022676417049922104,0.0022219184899094544
0.1008988988988989,-0.00243987741981259,0.0022219184899094544
